id,domain,status,purchase_price,renewal_price,attractiveness,demand,length,registrar,created_at,expires_at,status_verified_at
1eb2eaf2-a6bf-44d0-862a-061d1ff94fca,reedlike.foo,available,12.98,17.98,high,medium,8,namecheap,,,09/09/2026 12:27
90cdb8fd-d272-4917-9f14-0d93765d9d57,zealously.foo,available,12.98,17.98,medium,low,9,namecheap,,,16/09/2026 11:50
a1755136-7c34-4498-9211-e8bf158bea5d,offshore.foo,premium,76.7,76.7,high,low,8,namecheap,,,04/09/2026 01:37
7ef92dfb-6ca8-44f0-b8df-c8d551040a52,this.foo,premium,623.75,,high,medium,4,name.com,,,
831d6b8b-8133-49a6-8f4b-795fc6f8f94c,amniota.foo,available,12.98,17.98,medium,low,7,namecheap,,,18/09/2026 22:27
ae4add10-7674-462e-afdf-babd28e199d6,xxx.foo,available,,,high,medium,3,,,,
3e57eb87-5cdb-488c-9d3b-7004d005b925,airline.foo,premium,167.7,167.7,high,low,7,namecheap,,,
5a3292b4-8850-4159-83e5-e6a8e255f657,title.foo,premium,1298.7,1298.7,high,low,5,namecheap,,,24/09/2026 03:07
c9120d96-31ab-43e2-ae02-7c58334fe937,cursory.foo,available,12.98,17.98,medium,low,7,namecheap,,,13/08/2026 11:41
359e3b40-b669-4389-a9b8-180b54075dde,ceremonial.foo,available,12.98,17.98,high,low,10,namecheap,,,19/09/2026 15:03
babcf409-ebc0-43ef-84bf-24503ef5e3f5,bangles.foo,available,12.98,17.98,medium,low,7,namecheap,,,20/09/2026 19:22
5849b2bd-0882-40c6-bd4b-fa58775ee548,fails.foo,available,12.98,17.98,medium,low,5,namecheap,,,18/09/2026 00:27
b74638ce-e721-4798-ac5e-fecd18b69a06,dwarf.foo,premium,73.75,73.75,medium,low,5,name.com,,,24/08/2026 22:31
2e37ff98-7e6f-4094-91cb-445bed53fd3e,supermodel.foo,available,16.99,,high,low,10,name.com,,,
6934b83e-23bb-45fa-9a21-cfd4ff5bbc43,workfare.foo,available,16.99,,high,low,8,name.com,,,
256bcddb-5f45-4e11-953d-f1e14269748e,garbled.foo,available,12.98,17.98,medium,low,7,namecheap,,,14/08/2026 11:20
0575774a-036f-4ba0-a591-55f1ffd414e5,agaragar.foo,available,16.99,18.99,medium,low,9,name.com,,,17/09/2026 16:15
c1346e74-075a-4aa7-ac72-d6b7d42f2e45,bergenia.foo,available,12.98,17.98,medium,low,8,namecheap,,,23/09/2026 09:20
647c27c4-771a-420b-bf01-426f7bb65303,athenaeum.foo,available,12.98,17.98,high,low,9,namecheap,,,20/09/2026 20:40
361cb873-824e-46a4-8fdf-2a3a280be35c,sonar.foo,premium,167.7,167.7,high,low,5,namecheap,,,20/09/2026 13:30
e50801c8-9c7a-476a-aab6-9c6dff7ec4c4,entered.foo,available,12.98,17.98,medium,low,7,namecheap,,,18/09/2026 11:17
c4432bd7-96b3-4963-89de-b16126d85bb3,analyzable.foo,available,12.98,17.98,medium,low,10,namecheap,,,
ebfb9f5a-00b9-469e-83d5-2a9e8d3ef699,forced.foo,premium,76.7,76.7,high,low,6,namecheap,,,23/09/2026 21:10
16c3886f-bf74-4467-a027-4ccbd96f37b9,amaethon.foo,available,12.98,17.98,low,low,8,namecheap,,,18/09/2026 15:34
286cf8f2-a34f-4dbd-a552-07b2ed888a73,divers.foo,premium,73.75,,high,low,6,name.com,,,
f66dbcbd-db37-43a7-af7a-18e0a1546b5a,tottering.foo,available,12.98,17.98,medium,low,9,namecheap,,,11/09/2026 18:14
bcb77b4c-4535-42f8-a804-4352ad1ed541,rep.foo,premium,623.75,,high,low,3,name.com,,,
1cbf1ed0-f951-4a49-b251-dc05d4976de8,diddle.foo,available,12.98,17.98,medium,low,6,namecheap,,,14/09/2026 07:58
67e4faad-34bf-455d-99dd-8dfd5a0c202f,fatherly.foo,available,12.98,17.98,high,low,8,namecheap,,,17/08/2026 23:36
1ccb4c45-a541-45b7-ac73-5750d35cdbed,dun.foo,premium,73.75,73.75,medium,low,3,name.com,,,14/08/2026 21:12
e39fc66e-e588-4112-8943-736549a2a113,barf.foo,available,12.98,17.98,high,medium,4,namecheap,,,10/09/2026 07:38
62a3709f-f9cb-4d4e-bbd5-c69a9a318fdf,satisfy.foo,premium,36.25,,high,low,7,name.com,,,
639debff-0c3b-468e-a57b-3431d306f730,sluttish.foo,available,12.98,17.98,medium,low,8,namecheap,,,10/08/2026 15:45
d220d4ef-a112-4493-9b15-1105c269fd25,inevitably.foo,available,12.98,17.98,medium,low,10,namecheap,,,15/09/2026 08:09
3874addd-29ea-406c-b24c-e6b827b4c202,anaerobe.foo,available,12.98,17.98,medium,low,8,namecheap,,,19/09/2026 01:18
eef5f70f-ca39-4cb1-8357-307c1f398e20,pleased.foo,available,16.99,,high,low,7,name.com,,,
c9ac1634-210d-499b-8542-ae1db8d384bf,nevermore.foo,available,12.98,17.98,medium,low,9,namecheap,,,15/09/2026 16:30
15b4276d-4605-4ab0-b270-ce605e6abe8f,rejected.foo,premium,37.7,37.7,medium,low,8,namecheap,,,25/09/2026 11:50
8a413e7e-73f5-4603-8e0e-ff27ecfa2f3c,leia.foo,premium,36.25,,high,low,4,name.com,,,
826f866e-c295-4210-af53-c65509aace0a,grueling.foo,available,12.98,17.98,high,low,8,namecheap,,,06/08/2026 16:45
12b0199c-cc2d-4590-b258-9e54328e48ae,tracked.foo,premium,36.25,,high,low,7,name.com,,,
e93bfc87-fe65-4587-8843-c46c7bcf7ec6,xeric.foo,available,12.98,17.98,medium,low,5,namecheap,,,13/09/2026 14:07
3de0a0c2-c785-4c69-a187-4f0c0f5d2978,frayed.foo,available,12.98,17.98,medium,low,6,namecheap,,,18/08/2026 14:25
df36bbb0-0a49-4e23-b6b1-f2eaf02dfb41,clove.foo,premium,37.7,37.7,high,low,5,namecheap,,,24/09/2026 16:05
81ce0179-3722-4440-afc4-15172792e92f,acetylene.foo,available,12.98,17.98,medium,low,9,namecheap,,,17/09/2026 00:22
b3053e93-2a46-4436-a0c8-e93d402090e4,catharsis.foo,available,12.98,17.98,high,low,9,namecheap,,,16/09/2026 17:03
ccbc648b-4cdd-42ec-a65f-781b8dea8396,bifid.foo,available,12.98,17.98,medium,low,5,namecheap,,,09/08/2026 19:59
775048ba-e85f-4146-9d98-63032873e270,auditorium.foo,available,12.98,17.98,high,low,10,namecheap,,,21/09/2026 03:13
95bc2cc6-10ca-41ce-9cd5-82ca4e60084a,queer.foo,premium,161.25,161.25,high,low,5,name.com,,,13/08/2026 11:09
7fe2ce55-fade-4c1b-93eb-9c66c6e5ef5d,waking.foo,available,12.98,17.98,high,low,6,namecheap,,,13/09/2026 07:47
e7241d8e-50cd-49e6-b1dd-b549bbf68705,shopsoiled.foo,available,12.98,17.98,high,medium,10,namecheap,,,10/09/2026 06:45
56f17e3a-68d6-4ec4-b0ac-ca24e03acde7,antitank.foo,available,12.98,17.98,medium,low,8,namecheap,,,05/08/2026 19:44
51012f84-15e1-47c0-b163-7e1a9ab41ad2,broadly.foo,available,16.99,,high,low,7,name.com,,,
dcc454cf-e5e6-4ef2-b7fe-996cce9ab350,configured.foo,available,12.98,17.98,high,low,10,namecheap,,,12/08/2026 20:47
21aa5917-c3c5-4562-8399-632598a2b846,carbonado.foo,available,12.98,17.98,medium,low,9,namecheap,,,24/09/2026 00:32
d64d7364-08a0-4aec-8ae6-c937059325f0,overladen.foo,available,12.98,17.98,medium,low,9,namecheap,,,04/09/2026 20:51
d202de1a-1d79-4577-ac10-4ef492caccd1,plummet.foo,available,12.98,17.98,medium,low,7,namecheap,,,08/09/2026 21:42
f51030a1-539e-4693-9e3d-7f848de95dbf,biosphere.foo,available,16.99,18.99,high,low,9,name.com,,,23/09/2026 19:04
4ec900e3-d9a4-40fb-a24a-f819cae2d60e,tumultuous.foo,available,12.98,17.98,medium,low,10,namecheap,,,14/08/2026 12:25
150f25ba-30c5-4a64-af6f-95be6fd5837c,heartburn.foo,available,16.99,,medium,low,9,name.com,,,
798a58cf-fcee-433c-a804-bdca3ef72c33,abkhasian.foo,available,12.98,17.98,medium,low,9,namecheap,,,
39459a2d-401f-44d7-abb1-785ec097062d,sleep.foo,premium,648.7,648.7,high,medium,5,namecheap,,,25/09/2026 05:45
4ab2b325-3373-45d1-b864-12222fa3c49a,chill.foo,premium,167.7,167.7,high,low,5,namecheap,,,23/09/2026 23:04
831f0918-cf50-45c3-bc05-b99dead5ec41,middleton.foo,premium,36.25,36.25,high,low,9,name.com,,,25/09/2026 09:23
301a4379-b269-46db-aebb-e0d268276b50,partisan.foo,available,12.98,17.98,high,low,8,namecheap,,,08/09/2026 02:07
cea6b940-ac44-45b8-9e65-c14242b877a9,barefooted.foo,available,12.98,17.98,medium,low,10,namecheap,,,08/08/2026 18:59
57f7c256-da85-4cc6-9735-06fdf522612c,speaker.foo,premium,161.25,,high,low,7,name.com,,,
ca3ba675-f89d-47bf-9940-9a5abd46bf93,verse.foo,premium,311.25,,high,low,5,name.com,,,
20ed26f8-9ad3-4a12-9b7d-b30998c46abb,jugoslav.foo,available,12.98,17.98,high,low,8,namecheap,,,13/09/2026 14:52
2e5eaedb-4dc2-4864-a131-e8f2c7186a6c,torpid.foo,available,12.98,17.98,medium,low,6,namecheap,,,14/08/2026 16:15
fe030577-54ee-404f-a449-2880d1c1f9be,iron.foo,premium,648.7,648.7,high,low,4,namecheap,,,23/09/2026 13:11
b8c38fa7-30f6-400c-820f-3403907732c6,obey.foo,available,16.99,,high,low,4,name.com,,,
ed033a33-72e2-4944-863e-9c0dc2fad3f6,quintette.foo,available,12.98,17.98,medium,low,9,namecheap,,,09/09/2026 09:00
d516f472-47bc-4cbb-92e5-0b730c69a3b3,obese.foo,available,12.98,17.98,high,low,5,namecheap,,,23/09/2026 23:32
065615ea-169e-4dc4-a03a-cf80f737dec2,sarcosomal.foo,available,12.98,17.98,high,medium,10,namecheap,,,09/09/2026 21:29
eea7c42c-ae2c-4bfc-94cf-36339fca6f78,extempore.foo,available,12.98,17.98,high,low,9,namecheap,,,
b2ee511f-1ebf-4432-af68-318240e3f331,heighten.foo,available,12.98,17.98,high,low,8,namecheap,,,12/08/2026 19:31
3a79b727-5f2a-4c0c-94bd-6e6a3dc55421,repressed.foo,available,12.98,17.98,medium,low,9,namecheap,,,08/09/2026 14:49
38bcd401-29c9-4a4d-92fb-8ec43f3e412f,festival.foo,premium,167.7,167.7,high,low,8,namecheap,,,19/09/2026 17:31
12f4436b-f9bc-4a2c-8d90-3ba24f39aa36,parhelic.foo,available,12.98,17.98,medium,low,8,namecheap,,,08/09/2026 01:31
d6de4874-909d-4d4f-971e-1b806a96154c,despoiled.foo,available,12.98,17.98,medium,low,9,namecheap,,,14/08/2026 04:23
9dfc8dbf-d04a-40f2-b220-1875cf947f98,witnesses.foo,available,12.98,17.98,medium,low,9,namecheap,,,25/09/2026 18:59
ff73f667-a06c-477e-b196-f124e208c97c,faith.foo,premium,311.25,,high,low,5,name.com,,,
85ac7fef-b485-4e6a-bb8f-916395d1d83d,soundly.foo,available,12.98,17.98,high,low,7,namecheap,,,16/09/2026 05:34
a437a073-b90b-4f14-939b-fda7e546d421,intensely.foo,available,12.98,17.98,high,low,9,namecheap,,,15/09/2026 08:54
604c43dd-48ec-4519-b6e2-59a1efd36afb,all.foo,premium,167.7,167.7,high,medium,3,namecheap,,,22/09/2026 00:25
e52bbce9-233e-48ed-8448-c0f0b1f77449,planned.foo,premium,37.7,37.7,high,low,7,namecheap,,,21/09/2026 22:06
7200947d-7b6a-45fc-ac96-80d4b06533ea,risen.foo,available,16.99,,high,low,5,name.com,,,
84e6d439-e741-4611-a990-1ff8b1b37438,liv.foo,premium,73.75,73.75,high,low,3,name.com,,,
7cb3ed91-3157-4ec1-a1cb-667496b78904,scrubbed.foo,available,16.99,,high,low,8,name.com,,,
37f82f3f-e6a6-4f71-8158-859e99d41eab,calculators.foo,available,16.99,18.99,high,low,11,name.com,,,18/09/2026 18:59
df9475bd-8dc6-48b5-a008-fccdec28a536,azotic.foo,available,12.98,17.98,medium,low,6,namecheap,,,08/08/2026 02:53
5194b7b5-9a12-40b2-9e9b-4f9de87f4fb6,strenuous.foo,available,12.98,17.98,medium,low,9,namecheap,,,10/09/2026 21:45
ffed4fb2-6db8-42b6-b500-7199d8347f11,orthoptic.foo,available,12.98,17.98,medium,low,9,namecheap,,,04/09/2026 18:06
3fa5372a-1736-4a19-8be8-12950589bdc8,cosily.foo,available,12.98,17.98,medium,low,6,namecheap,,,14/09/2026 08:50
dae66d01-fd32-4205-a61e-5e7297395c3c,magnetized.foo,available,12.98,17.98,high,low,10,namecheap,,,24/08/2026 13:04
5b2f60f6-14e2-426e-a807-3d71c39e937c,fargo.foo,premium,76.7,76.7,high,low,5,namecheap,,,25/09/2026 22:42
36893ae4-a1bb-483c-8a73-2c8de44d0003,spirea.foo,available,12.98,17.98,medium,low,6,namecheap,,,20/09/2026 17:27
3ea9148b-db90-48da-9ef0-e7cea7399cdf,evince.foo,available,12.98,17.98,high,low,6,namecheap,,,17/08/2026 18:43
3f92b9f2-a38a-49eb-8618-59605c0c0093,dateable.foo,available,16.99,18.99,medium,low,8,name.com,,,13/08/2026 18:38
2c37b2e3-8894-4b13-8eac-7658191dadb1,attachments.foo,available,12.98,17.98,medium,low,11,namecheap,,,21/09/2026 01:43
34b1b9cd-ca5c-48dd-b3b0-a69177e2bedd,worrisome.foo,available,12.98,17.98,medium,low,9,namecheap,,,14/08/2026 13:21
ff7bc0ce-04d5-473d-b665-fdfc8cda686a,elvish.foo,available,12.98,17.98,medium,low,6,namecheap,,,16/08/2026 03:43
0dee7edc-7504-4e22-90db-bd7391d22a3d,tumbling.foo,available,12.98,17.98,high,low,8,namecheap,,,17/09/2026 03:22
dc23784e-09e7-439b-a993-7fe19d48ee0d,silvan.foo,available,12.98,17.98,medium,low,6,namecheap,,,19/09/2026 11:29
034c1dc7-863e-4fe1-97a4-b7170ee4b592,divorcing.foo,available,12.98,17.98,low,low,9,namecheap,,,17/09/2026 22:37
034dd0de-30af-4cdc-ae73-bfc043483c71,provoked.foo,available,12.98,17.98,medium,low,8,namecheap,,,09/09/2026 04:38
67facf37-cd45-42fd-a0f3-9c686e38cdec,eurasian.foo,available,12.98,17.98,high,low,8,namecheap,,,17/08/2026 14:26
211d9fce-e777-4e3f-a43f-92ac4dc92efd,sidewalks.foo,available,12.98,17.98,medium,low,9,namecheap,,,21/09/2026 06:21
f6c0a3ee-627c-42bc-bbb0-448a687a8506,such.foo,premium,311.25,,high,low,4,name.com,,,
11df84de-c40c-4cc3-bb71-38f125a50a6a,arthurian.foo,available,12.98,17.98,medium,low,9,namecheap,,,06/08/2026 23:21
f99ba307-0227-4446-ad7b-6bedff4665fe,fitfully.foo,available,12.98,17.98,medium,low,8,namecheap,,,14/09/2026 18:43
8e30acee-9077-48bb-abad-2dc93eb43397,zama.foo,available,12.98,17.98,high,low,4,namecheap,,,22/09/2026 16:21
53e58967-f59c-4f4e-bf47-474933ca8649,lavatory.foo,available,12.98,17.98,high,low,8,namecheap,,,09/09/2026 02:14
304252b5-174d-4f7b-9a20-d4cdb0395d48,sandpapery.foo,available,12.98,17.98,high,medium,10,namecheap,,,09/09/2026 21:13
a7d0bf4f-b6ac-4c15-b3c0-abc4c3e88a5b,adience.foo,available,12.98,17.98,medium,low,7,namecheap,,,17/09/2026 08:09
b648cb5b-1350-457a-8343-0edd45c52b16,aggregator.foo,available,12.98,17.98,high,low,10,namecheap,,,17/09/2026 17:29
b207cb01-c37a-4009-9645-13b8106e7303,autograph.foo,available,12.98,17.98,high,low,9,namecheap,,,21/09/2026 06:37
2f06bc9d-a5a1-43fe-bbcb-f50237d81566,manned.foo,available,12.98,17.98,high,low,6,namecheap,,,24/08/2026 15:16
8c680b45-b563-4528-ad97-654af5ca3cdf,achaea.foo,available,12.98,17.98,medium,low,6,namecheap,,,17/09/2026 00:27
00f62c8c-c3de-4909-abdd-cde4259aa475,bpi.foo,premium,76.7,76.7,high,low,3,namecheap,,,23/09/2026 22:46
4da2897c-9f13-4659-aca6-d4af1a4f11d2,agile.foo,premium,167.7,167.7,high,medium,5,namecheap,,,21/09/2026 23:00
609d7ac9-d81d-42b7-bfe6-9c42bf256155,xviii.foo,available,12.98,17.98,high,low,5,namecheap,,,21/09/2026 12:00
37d8d392-c35f-43a2-aca5-e3681fe4bd64,snowbound.foo,available,12.98,17.98,high,medium,9,namecheap,,,10/09/2026 12:46
1acfbca7-ead0-4946-ac13-cc141289ce6b,key.foo,premium,648.7,648.7,high,medium,3,namecheap,,,19/09/2026 11:28
8cf8ae99-4292-4728-840f-4233576e4cdf,support.foo,premium,323.7,323.7,high,medium,7,namecheap,,,08/09/2026 07:15
a689cc76-5f87-4df3-9aeb-bfc052b1b594,defence.foo,premium,161.25,,high,low,7,name.com,,,
72384017-1794-4cd8-801b-91b881fe6925,scratches.foo,available,12.98,17.98,medium,low,9,namecheap,,,
2d9945d9-c8d0-4b65-828e-240932462fb1,quran.foo,premium,323.7,323.7,high,medium,5,namecheap,,,18/09/2026 01:05
3afcd03a-d048-4a84-b894-873f7975fa85,reverse.foo,premium,167.7,167.7,high,low,7,namecheap,,,23/09/2026 22:34
50db6aa0-b321-4586-bbdc-90f1100cec11,mythic.foo,premium,37.7,37.7,high,low,6,namecheap,,,03/09/2026 12:29
67a0480b-ba51-4419-a851-39b3c0620718,specifically.foo,available,,,high,low,12,,,,26/09/2026 00:54
59249081-a0f0-47d0-9638-3f10e54d0607,wagering.foo,available,12.98,17.98,high,low,8,namecheap,,,25/09/2026 02:56
77382364-6712-4dd3-8ac8-9fdf79874192,turds.foo,available,12.98,17.98,low,low,5,namecheap,,,18/09/2026 11:32
7d8f0f8f-f07e-4fc5-b912-90fe74901bb0,evidenced.foo,available,12.98,17.98,high,low,9,namecheap,,,17/08/2026 15:00
57105efd-4eb0-449b-a00d-505c0ccfc5db,caldwell.foo,available,12.98,17.98,high,low,8,namecheap,,,25/09/2026 03:55
3d7b677e-cec1-41c9-9f66-93df0da35597,vehement.foo,available,12.98,17.98,medium,low,8,namecheap,,,11/09/2026 09:44
50fee6b6-18c8-4111-8a67-dada2eb2f64b,vise.foo,premium,37.7,37.7,high,low,4,namecheap,,,23/09/2026 07:37
88c2c6ff-d62a-49ca-a6c8-82b52980295c,screeching.foo,available,12.98,17.98,medium,low,10,namecheap,,,09/09/2026 23:59
3114f8a0-328b-4b7d-b0ab-d645a798b998,foldable.foo,available,12.98,17.98,high,low,8,namecheap,,,18/08/2026 10:06
cc0e1ef1-7503-44d4-b21a-eaf79e3e5668,surfers.foo,premium,37.7,37.7,high,low,7,namecheap,,,20/09/2026 02:01
8d672306-69f8-4b8e-bccb-001d4aced8aa,beirut.foo,premium,37.7,37.7,high,low,6,namecheap,,,22/09/2026 18:14
836a4d16-6505-4577-a737-cae578b91cce,sausage.foo,premium,36.25,,high,low,7,name.com,,,
79af0132-a316-43b5-8965-8a8db774ee2b,risk.foo,premium,623.75,623.75,high,low,4,name.com,,,08/09/2026 12:49
6e2ef322-6395-477e-ad81-2d89fb32dbc3,peiping.foo,available,12.98,17.98,medium,low,7,namecheap,,,23/09/2026 04:16
ede247d1-ecd8-4d41-a4b4-7ead153a1be6,ampere.foo,premium,37.7,37.7,high,low,6,namecheap,,,18/09/2026 23:06
d2bed3f7-d8d4-499f-b9d5-aeed741405c2,lentic.foo,available,12.98,17.98,medium,low,6,namecheap,,,22/08/2026 23:50
c2f9f90a-0cf9-4275-9706-e373db08910f,biological.foo,premium,76.7,76.7,high,low,10,namecheap,,,22/09/2026 20:55
c4d9d9b0-de1e-41fb-913c-09b4cac9cfcc,located.foo,premium,76.7,76.7,high,low,7,namecheap,,,25/09/2026 14:10
d2b3d8b2-b89e-4b24-9ea7-b27018856222,ponders.foo,available,12.98,17.98,medium,low,7,namecheap,,,18/09/2026 02:06
64b21459-a70d-477d-89ed-56946abcd3ad,phantasm.foo,available,12.98,17.98,high,low,8,namecheap,,,08/09/2026 18:36
2956c3b8-daaa-4964-9239-05d9737db089,cent.foo,premium,167.7,167.7,high,low,4,namecheap,,,08/09/2026 08:07
56bcc328-58de-402f-9150-afa2a0f8bf00,kale.foo,premium,36.25,36.25,high,low,4,name.com,,,24/09/2026 06:48
f072ead4-da51-4e6d-9143-892add729a16,iraqi.foo,available,12.98,17.98,high,low,5,namecheap,,,22/08/2026 09:35
3c979430-d6a9-4906-98f8-8320c57143df,granicus.foo,available,12.98,17.98,medium,low,8,namecheap,,,22/09/2026 15:08
196a0522-6a08-41d9-a6c1-c02682404a14,vile.foo,premium,36.25,36.25,medium,low,4,name.com,,,14/08/2026 04:01
dc54adec-77d1-45d9-a66b-084df5eaa28f,stoker.foo,available,12.98,17.98,high,low,6,namecheap,,,16/09/2026 16:53
da353c95-a24f-450b-a682-71c460c02667,yule.foo,premium,37.7,37.7,high,low,4,namecheap,,,24/09/2026 14:52
ad82b894-7f50-432f-aed8-787fc06fd5fe,southerly.foo,available,12.98,17.98,high,medium,9,namecheap,,,10/09/2026 14:51
a2d7496a-6a68-443a-b4c3-31415e006e14,thai.foo,premium,623.75,623.75,high,low,4,name.com,,,10/09/2026 07:23
1377318c-dcd2-4e8f-8fb1-d935cb7892b2,garlic.foo,premium,161.25,,high,low,6,name.com,,,
3d9b4e30-7a62-46ce-a86e-0971f8b9f1a4,nasty.foo,premium,73.75,73.75,high,low,5,name.com,,,13/08/2026 08:48
cb940f50-cecb-4d2f-9c35-35fbca1f4e24,barbel.foo,available,12.98,17.98,medium,low,6,namecheap,,,22/09/2026 04:47
9527dc14-6fee-4ebd-a9be-1f93fd013d4a,subacid.foo,available,12.98,17.98,medium,low,7,namecheap,,,10/09/2026 23:22
ea44ddf6-e0a9-40f4-b768-dbb07b256013,penal.foo,premium,37.7,37.7,high,low,5,namecheap,,,08/09/2026 13:51
1873429e-0a2c-46f3-aa4b-a3a27446880c,northwest.foo,premium,37.7,37.7,high,low,9,namecheap,,,03/09/2026 21:41
30ee640c-74c0-45a1-ad00-4b2eb0b6b4d8,baht.foo,premium,37.7,37.7,high,low,4,namecheap,,,21/09/2026 18:46
f448b685-9c76-433b-9f7a-16aa42e6a950,raining.foo,available,16.99,18.99,high,low,7,name.com,,,19/09/2026 11:06
21cd8341-efe6-4bcd-bce1-a2e25b82f4d7,anatolian.foo,available,12.98,17.98,high,low,9,namecheap,,,19/09/2026 03:29
e305df0c-93df-4e8d-b543-b6bfcd39516f,technicality.foo,available,16.99,,high,low,12,name.com,,,
b2b1a0cb-cdcb-43e4-8fe4-2f03ca16bb71,otoscope.foo,available,12.98,17.98,medium,low,8,namecheap,,,21/09/2026 04:28
a452b267-1a08-4ebb-ac76-10072c6e0ecf,abilities.foo,premium,37.7,37.7,high,low,9,namecheap,,,17/09/2026 04:45
20b0f363-d607-4842-9e98-acb0896499b6,decent.foo,premium,161.25,161.25,high,low,6,name.com,,,09/08/2026 06:17
40335415-22b4-49a2-ad19-4923c6deeae8,hyaloid.foo,available,12.98,17.98,medium,low,7,namecheap,,,21/08/2026 16:08
9a8e9df5-c5bd-4860-bed3-197fd902d073,goldman.foo,premium,167.7,167.7,high,low,7,namecheap,,,25/09/2026 05:32
4af3103e-6a5c-43f1-adce-63ccd722eb40,tilled.foo,available,12.98,17.98,medium,low,6,namecheap,,,11/09/2026 15:57
42b1e1f2-3f5a-4e5a-80d7-36226e139cc9,flips.foo,available,12.98,17.98,medium,low,5,namecheap,,,19/09/2026 20:33
78c1240a-9a84-479d-ae36-4ef6b47f109f,acquiring.foo,available,12.98,17.98,high,low,9,namecheap,,,17/09/2026 02:42
10ff9d9f-6fce-4a9c-99e1-b503d585a131,upcountry.foo,available,12.98,17.98,medium,low,9,namecheap,,,24/08/2026 22:37
bde5eef2-f70c-494e-8762-a216d7d2aa7a,college.foo,premium,311.25,,high,low,7,name.com,,,
5bd120f9-d2df-4aca-971c-74303a382479,crocked.foo,available,12.98,17.98,low,low,7,namecheap,,,09/08/2026 15:34
3aab8310-ccfb-45c2-97d5-d74eb409b9f9,beaujolais.foo,available,12.98,17.98,high,low,10,namecheap,,,22/09/2026 22:13
6ef9ff10-0cd1-4e20-b5c7-4e5c2ac0db39,unstylish.foo,available,12.98,17.98,medium,low,9,namecheap,,,10/09/2026 23:17
ca436b69-8337-4909-8921-3134050cb300,elevated.foo,available,12.98,17.98,high,low,8,namecheap,,,16/08/2026 03:35
2bc7a419-4c00-489e-ba47-4c4b0c686f0b,immune.foo,premium,161.25,161.25,high,low,6,name.com,,,21/08/2026 21:26
6e88e956-9f88-4750-8f5f-44be4ddc8a5b,thought.foo,premium,161.25,,high,low,7,name.com,,,
ee4923b8-f75d-4151-8ae2-a97891603210,slot.foo,premium,623.75,,high,low,4,name.com,,,
fa63d26a-48c9-415d-b880-300b7e618c4d,astronium.foo,available,12.98,17.98,medium,low,9,namecheap,,,20/09/2026 18:03
b5083494-4abc-4ced-b840-e8fa73ddd97e,actuated.foo,available,12.98,17.98,medium,low,8,namecheap,,,
efc4a4b6-06f2-4e0f-b3dd-0eadd4b7bbf3,ratty.foo,available,12.98,17.98,medium,low,5,namecheap,,,25/08/2026 06:53
a1597f6a-bb82-496a-9b2f-8c479c0927ed,corps.foo,premium,161.25,,high,low,5,name.com,,,
2a5f2576-164b-4f8d-a453-2b7f21f88ad5,lxii.foo,available,12.98,17.98,medium,low,4,namecheap,,,
0cecf6f7-7775-4ffb-bae5-69181f7fc193,gromyko.foo,available,12.98,17.98,medium,low,7,namecheap,,,19/09/2026 04:28
43e2c9f4-d094-4038-b623-9264bdcbc2c3,muffled.foo,available,12.98,17.98,medium,low,7,namecheap,,,03/09/2026 10:26
50d7a248-b00e-4044-8122-27bceabcae4f,ike.foo,premium,73.75,,high,low,3,name.com,,,
1e183b39-f6cd-4504-bff3-3456b6f141b3,affluent.foo,available,12.98,17.98,high,low,8,namecheap,,,21/09/2026 21:54
502b0f94-84a8-4f1b-b441-ca5deb031e8c,plushy.foo,available,12.98,17.98,medium,low,6,namecheap,,,24/08/2026 11:02
315a3a8a-fa5d-44eb-9bba-36a83be18b11,pivot.foo,premium,161.25,,high,low,5,name.com,,,
26f4b1a8-5ef1-49d8-b289-2f04a2f81aed,aviatrix.foo,available,12.98,17.98,high,low,8,namecheap,,,17/09/2026 23:25
1afa3623-cfd2-4a18-b12d-18c92fc53b40,resolute.foo,available,16.99,,high,low,8,name.com,,,
b7998bd5-6455-4fa3-a38a-d9f2907c0a1d,execution.foo,premium,36.25,,high,low,9,name.com,,,
885f5f9b-5323-4bfe-8c2a-6ce96695baed,armillaria.foo,available,12.98,17.98,medium,low,10,namecheap,,,20/09/2026 07:07
6dc20985-42ad-488b-a380-ee0661ba02bf,perturb.foo,available,12.98,17.98,medium,low,7,namecheap,,,24/09/2026 22:49
0385bbe2-904c-44a0-a88c-093e2d853a43,absorber.foo,available,12.98,17.98,high,low,8,namecheap,,,16/09/2026 18:17
19368f5c-0811-4ae6-b273-ff8f2a6ae719,dislike.foo,available,16.99,,high,low,7,name.com,,,
49f29375-b4da-47c4-bba1-384d52eb5e4e,fund.foo,premium,648.7,648.7,high,low,4,namecheap,,,23/09/2026 16:38
d3cc3d57-6206-4e70-8cda-7d4399af6f08,detest.foo,available,16.99,,medium,low,6,name.com,,,
29b59cc3-6595-4096-a078-72517aeb2ccb,visceral.foo,available,12.98,17.98,medium,low,8,namecheap,,,10/09/2026 16:02
31c90fe1-402c-47de-9583-cfedf6f393ee,cultured.foo,available,12.98,17.98,high,low,8,namecheap,,,08/09/2026 09:18
7c2f41f6-123f-49e3-a00c-dfc497f74911,tenor.foo,premium,37.7,37.7,high,low,5,namecheap,,,11/09/2026 11:24
93ba9cdc-f258-4e4b-8338-029aa92d5acc,inviolate.foo,available,12.98,17.98,medium,low,9,namecheap,,,22/08/2026 09:06
357fe095-711f-49b8-9b84-3e8d4b2d4634,searching.foo,premium,76.7,76.7,high,low,9,namecheap,,,25/09/2026 09:44
4d9f4a8a-a53c-428f-bb1b-831cb2453573,caudal.foo,available,12.98,17.98,high,low,6,namecheap,,,11/08/2026 22:22
2903bf08-e3c6-40a0-ab58-91197d2b5818,magnetised.foo,available,12.98,17.98,medium,low,10,namecheap,,,24/08/2026 13:06
651c222b-5659-4abf-8165-86cebaed3f5a,parker.foo,premium,323.7,323.7,high,low,6,namecheap,,,23/09/2026 20:21
e51d0f24-d3f1-42a1-959e-9cf9123fb13a,impressed.foo,available,16.99,,high,low,9,name.com,,,
cbbefd8c-8ba7-4708-927f-aa423d249793,mysterious.foo,premium,37.7,37.7,high,low,10,namecheap,,,24/09/2026 03:42
7ca3b8b9-f514-45b7-8f12-f13f29f7c23c,chamber.foo,premium,167.7,167.7,high,low,7,namecheap,,,22/09/2026 23:10
ed3903fb-7522-4284-b81a-caa8ea454283,acumen.foo,premium,37.7,37.7,high,low,6,namecheap,,,17/09/2026 05:39
7ca13de6-ac9b-4dc5-9c95-bd9ba3ac4d07,gaur.foo,available,12.98,17.98,medium,low,4,namecheap,,,23/09/2026 13:04
5aba8e7d-2868-4514-9ef9-b7b01ca6064a,dirty.foo,premium,323.7,323.7,high,low,5,namecheap,,,23/09/2026 21:45
d6c43979-0a57-427f-ae4b-5608032998ff,nidifugous.foo,available,12.98,17.98,medium,low,10,namecheap,,,03/09/2026 17:08
f2dd78de-cfea-4f4d-b0d8-02c3895c1be1,germfree.foo,available,12.98,17.98,medium,low,8,namecheap,,,18/08/2026 22:48
3cda7b90-f671-4b34-bfa3-ef2a0b143736,panoptic.foo,available,12.98,17.98,medium,low,8,namecheap,,,
c32bf5e4-c7aa-4523-906e-143f4563f823,painless.foo,available,12.98,17.98,high,low,8,namecheap,,,04/09/2026 23:04
41aa13b3-cb24-478e-a84a-ee2927e13956,apparel.foo,premium,323.7,323.7,high,low,7,namecheap,,,
9938ac4f-d615-47c8-ae1f-c979ac5ac7fd,glooming.foo,available,12.98,17.98,medium,low,8,namecheap,,,20/08/2026 14:41
c8041166-1dae-4f33-9218-c19c8825d3a5,steamed.foo,available,12.98,17.98,high,low,7,namecheap,,,
40f9323a-e4aa-4e5c-bdea-b65c25050f0f,software.foo,premium,167.7,167.7,high,medium,8,namecheap,,,24/09/2026 19:43
a819371e-22c3-4c94-993b-f9684e816251,overripe.foo,available,12.98,17.98,medium,low,8,namecheap,,,04/09/2026 21:44
98216727-f7b2-483e-941b-7c2a277ff7d7,publicity.foo,premium,36.25,,high,low,9,name.com,,,
1e819b87-3e27-4abf-8bf4-cf157f8dbee6,tetanic.foo,available,12.98,17.98,medium,low,7,namecheap,,,11/09/2026 12:08
7a88d21d-3dbe-4e16-9df7-5494e9371b46,flossy.foo,available,12.98,17.98,medium,low,6,namecheap,,,14/08/2026 17:44
794691bb-eb7f-4cb6-b77b-db3a0c650e47,lunate.foo,available,12.98,17.98,medium,low,6,namecheap,,,13/08/2026 06:12
59d349df-7173-409c-b4b3-f2e668d60309,arch.foo,premium,167.7,167.7,high,medium,4,namecheap,,,22/09/2026 07:38
f0242993-528c-4cf4-8679-cef4579e4ad1,constants.foo,available,12.98,17.98,high,low,9,namecheap,,,21/09/2026 01:13
0d206f6f-3067-4515-8686-6cbc963b558b,soused.foo,available,12.98,17.98,low,low,6,namecheap,,,09/08/2026 16:07
88e79ac3-a7b2-40b7-9885-b1aa52476266,pontiff.foo,available,12.98,17.98,medium,low,7,namecheap,,,23/09/2026 21:52
44be8d3f-e5ba-447d-9270-c4f5a81420e7,alkyne.foo,available,12.98,17.98,medium,low,6,namecheap,,,17/09/2026 00:25
f770a5c3-2de8-486a-a9c4-68e70b33b411,hanger.foo,premium,36.25,,medium,low,6,name.com,,,
da1ff386-2742-4a23-ad74-570c12715fe3,bendable.foo,available,12.98,17.98,medium,low,8,namecheap,,,09/08/2026 14:07
a3acd4a1-e56a-44b0-9e49-69179922fecf,neglect.foo,available,16.99,,high,low,7,name.com,,,
53766b0a-a71b-4229-9fb0-3ab19e47c9c2,checked.foo,premium,73.75,73.75,high,low,7,name.com,,,12/08/2026 03:36
fcb0255b-6f4e-4ad2-a4be-7fc7f851966f,beagle.foo,available,12.98,17.98,high,low,6,namecheap,,,22/09/2026 19:37
df5de08d-1a1f-400b-a848-1816f079ae6f,peso.foo,premium,76.7,76.7,high,low,4,namecheap,,,24/09/2026 14:37
8d273a0f-1307-4750-92b1-330777fc017f,harmonic.foo,premium,36.25,36.25,high,low,8,name.com,,,12/08/2026 22:46
133a06bf-1386-4f77-ad92-eac7ed937912,tokyo.foo,premium,623.75,623.75,high,low,5,name.com,,,24/09/2026 12:18
81c52a0d-f996-4d21-8c48-3cc98b91572f,avaram.foo,available,12.98,17.98,medium,low,6,namecheap,,,21/09/2026 08:40
3f2f931c-4eac-4b4f-9d6f-607219c67900,care.foo,premium,648.7,648.7,high,medium,4,namecheap,,,25/09/2026 13:42
b0fd5d4d-cace-47af-91d5-a25c8e6b0bcc,starving.foo,available,12.98,17.98,medium,low,8,namecheap,,,10/09/2026 19:04
6ca32dd2-7604-4535-a6a1-6c079ccd705a,artist.foo,premium,648.7,648.7,high,low,6,namecheap,,,25/09/2026 04:10
19bf250f-f490-49b8-a1bc-7f38e22c2ee3,rockbound.foo,available,12.98,17.98,medium,low,9,namecheap,,,09/09/2026 18:10
69486980-b23e-45e0-87ba-98481817d5e4,eyeless.foo,available,12.98,17.98,medium,low,7,namecheap,,,17/08/2026 20:02
f57ac20f-ed5d-4994-9e8f-41ce242a4f00,quotidian.foo,available,12.98,17.98,medium,low,9,namecheap,,,17/08/2026 14:57
6b6c85d7-52d2-45bf-b812-31464600f43a,swan.foo,premium,323.7,323.7,high,low,4,namecheap,,,10/09/2026 22:05
9b66a8eb-4330-4957-a648-7eed035dc092,unheard.foo,available,12.98,17.98,medium,low,7,namecheap,,,12/09/2026 12:10
b951141d-e789-4408-9424-91f9940956fa,arsenide.foo,available,12.98,17.98,medium,low,8,namecheap,,,20/09/2026 09:41
14ed514b-c5c7-4622-83e7-3c6d29383524,eloquent.foo,available,12.98,17.98,high,low,8,namecheap,,,16/08/2026 06:14
f0940a6b-6c65-405c-9b13-1d83db4e4ac5,rebuff.foo,available,12.98,17.98,medium,low,6,namecheap,,,10/09/2026 10:49
0109f54c-b2ce-4ceb-867d-72ef18f3fd0d,secondhand.foo,premium,76.7,76.7,high,low,10,namecheap,,,10/09/2026 01:09
1434c147-2bb6-4238-8a80-c7d7ce87b285,asthmatic.foo,available,12.98,17.98,medium,low,9,namecheap,,,22/09/2026 10:23
4b6ec3a7-0141-40bd-a152-9e4e5e869dec,squalid.foo,available,12.98,17.98,medium,low,7,namecheap,,,10/09/2026 14:31
abac2605-814c-4e6d-8065-231100227631,murphy.foo,premium,167.7,167.7,high,low,6,namecheap,,,25/09/2026 07:49
efe8cfaf-e7e2-46f8-aa75-69bd0035ca9d,repellant.foo,available,12.98,17.98,medium,low,9,namecheap,,,14/08/2026 10:41
2b909137-9aa0-462c-8ffc-2b683640c281,unaffected.foo,available,12.98,17.98,high,low,10,namecheap,,,11/09/2026 23:59
a1e16c17-f37f-4372-b1d7-b72de7cbd6ce,delivery.foo,premium,323.7,323.7,high,low,8,namecheap,,,
6078a20c-e5d9-4683-9ea8-c9f0fb37bc9c,beveridge.foo,available,12.98,17.98,medium,low,9,namecheap,,,23/09/2026 12:04
0cdd9249-932f-4fb2-a58b-940586065911,doughy.foo,available,12.98,17.98,medium,low,6,namecheap,,,14/08/2026 17:03
b541e395-9487-4784-af6e-a5404e8109e4,progressing.foo,available,16.99,,medium,low,11,name.com,,,
cac71978-2aba-4969-b402-8e98143063b6,arhus.foo,available,12.98,17.98,medium,low,5,namecheap,,,16/09/2026 13:26
ff1eeaec-3f4d-4953-83c6-066d54cd6566,elliptical.foo,available,12.98,17.98,high,low,10,namecheap,,,15/08/2026 18:01
b1aa702c-dea5-4c38-91ce-e5e6d6b9ab47,robertson.foo,premium,37.7,37.7,high,low,9,namecheap,,,25/09/2026 09:45
70e43d90-13a3-4476-ac09-2d4b13c68c69,michael.foo,premium,323.7,323.7,high,medium,7,namecheap,,,25/09/2026 09:21
7c30c449-8b2b-4052-b364-07bd685a5eb0,ostensible.foo,available,12.98,17.98,medium,low,10,namecheap,,,04/09/2026 18:29
c25641e2-aa44-4b79-a8fd-18288b5b4ba4,aquilegia.foo,available,12.98,17.98,medium,low,9,namecheap,,,19/09/2026 23:13
3145239e-d36a-42fc-ac4b-2ce8e3ad9e56,stepping.foo,available,12.98,17.98,high,low,8,namecheap,,,16/09/2026 15:33
740944cd-f02b-406f-9ba3-081ba2efaac2,feasting.foo,available,12.98,17.98,high,low,8,namecheap,,,22/09/2026 03:07
dddfefa1-7d6c-481a-ad8a-8b89292e711b,explains.foo,available,12.98,17.98,medium,low,8,namecheap,,,19/09/2026 21:05
8f13d3e8-288c-4cd7-9c63-68ccec32dc69,chamfer.foo,available,12.98,17.98,medium,low,7,namecheap,,,23/09/2026 12:00
847ad156-28b6-4eec-9137-c2df823e0d4d,shepard.foo,available,12.98,17.98,high,low,7,namecheap,,,18/09/2026 01:40
52822166-9942-42f6-883d-e2c60845fbcb,cxx.foo,premium,73.75,73.75,high,low,3,name.com,,,
af512174-84dd-42ab-82ca-e06c12685c4f,fda.foo,premium,73.75,73.75,high,low,3,name.com,,,25/09/2026 05:55
b12f28f6-89da-4cf8-8ce8-40ebb836f7bc,diplomat.foo,available,16.99,,high,low,8,name.com,,,
d8b7871d-5b3a-41e6-af1e-fa592bb1973a,postal.foo,premium,76.7,76.7,high,low,6,namecheap,,,09/09/2026 00:18
c0ba6f3e-fa60-4106-8e1d-25e06fe960ca,profane.foo,available,12.98,17.98,high,low,7,namecheap,,,10/08/2026 13:22
b0c638a7-29d4-41ce-adaa-5135739542a7,immature.foo,available,12.98,17.98,medium,low,8,namecheap,,,21/08/2026 20:52
764d26bf-02ff-4841-bf18-e0553e7001fb,assay.foo,premium,37.7,37.7,high,low,5,namecheap,,,20/09/2026 15:54
cf304556-b2a8-4b91-90a9-ea2f39e28c24,rebecca.foo,premium,167.7,167.7,high,low,7,namecheap,,,25/09/2026 10:16
c0e70757-c95b-4874-86f6-d382f46ae01b,creativity.foo,premium,167.7,167.7,high,low,10,namecheap,,,24/09/2026 19:19
c67dae31-9444-4224-9408-b1d40bb98770,butterfly.foo,premium,73.75,,high,low,9,name.com,,,
d438990a-c459-4f41-8424-76d9087f1a5d,shrewd.foo,available,12.98,17.98,high,low,6,namecheap,,,22/09/2026 10:37
a5f81228-f1a7-4838-bb8d-53450456a2b8,roarer.foo,available,12.98,17.98,medium,low,6,namecheap,,,22/09/2026 16:57
d058b5fb-f538-4e3a-b36e-b2545e0be28f,knock.foo,premium,161.25,,high,low,5,name.com,,,
ffbaf79b-f866-499a-92c4-a7d009dc42be,boniface.foo,available,16.99,18.99,medium,low,8,name.com,,,19/09/2026 19:19
ff24ec07-93a2-411a-99b5-88d0ea4e0e77,unformed.foo,available,12.98,17.98,medium,low,8,namecheap,,,12/09/2026 10:39
b3e724c3-fab2-4206-b30c-6a1b0a91076d,sheet.foo,premium,161.25,,high,low,5,name.com,,,
98727b2a-882b-49d1-b9dd-b1cb5aa46726,analogy.foo,available,16.99,,high,low,7,name.com,,,
54b5eed1-6a9a-40aa-bb59-9a250f00e399,zonal.foo,available,12.98,17.98,medium,low,5,namecheap,,,13/09/2026 15:29
b99f41bb-039a-467e-b230-4fca32d4ef95,neutered.foo,available,12.98,17.98,medium,low,8,namecheap,,,03/09/2026 16:35
e2b65328-6540-4369-9c69-d9049d38cde7,blatta.foo,available,12.98,17.98,medium,low,6,namecheap,,,24/09/2026 04:54
1cc2f14b-02aa-485d-9e0e-270c3d6b240e,bathing.foo,premium,37.7,37.7,high,low,7,namecheap,,,22/09/2026 13:36
c222f5b7-2eed-4511-81b7-1c90ac8a5242,asteroid.foo,premium,37.7,37.7,high,low,8,namecheap,,,22/09/2026 10:17
7a536e3a-6e6a-416e-aa0d-8e94ff0a7155,costs.foo,premium,161.25,,high,low,5,name.com,,,
c8f33a50-d4ff-415c-9d47-e234395218b5,thickener.foo,available,12.98,17.98,medium,low,9,namecheap,,,11/09/2026 13:14
35b720f4-65bd-4d54-a063-24d9024866d6,leftover.foo,available,12.98,17.98,high,low,8,namecheap,,,22/08/2026 22:41
7990e9e5-f976-4161-9eee-1e1f00b83955,very.foo,premium,311.25,,high,low,4,name.com,,,
0cbf3b27-4944-42db-be11-7448f5dd69d3,maven.foo,premium,73.75,73.75,high,low,5,name.com,,,
87b23daa-2356-46f0-91b9-c9b3eb9e099c,tegular.foo,available,12.98,17.98,medium,low,7,namecheap,,,11/09/2026 10:16
0635c72f-fa3f-4582-bbbb-bd483290e6b5,throttle.foo,available,12.98,17.98,high,low,8,namecheap,,,16/09/2026 21:47
bf41c319-1738-4655-9e78-c5737e2b45e2,believed.foo,available,12.98,17.98,medium,low,8,namecheap,,,17/09/2026 00:11
f9d62c1b-92d6-4074-9a2e-bcb8fe0e5f4e,uterine.foo,available,12.98,17.98,medium,low,7,namecheap,,,13/09/2026 00:02
16832c4c-8450-499d-a74e-42051ef5d370,courageous.foo,available,12.98,17.98,high,low,10,namecheap,,,23/09/2026 02:25
34bc568b-f8fd-4cce-a5a3-8665cfadb929,asparagus.foo,available,12.98,17.98,high,low,9,namecheap,,,20/09/2026 14:40
ffb32c47-0cde-44f1-9e74-74f4bcd5c87d,rigour.foo,available,12.98,17.98,high,low,6,namecheap,,,20/09/2026 14:57
67401200-d149-4c45-976e-e04e2619e827,deductive.foo,available,12.98,17.98,medium,low,9,namecheap,,,13/08/2026 22:29
6ac3d1d3-37f8-425a-8c71-f6ae3bcad26d,presumable.foo,available,12.98,17.98,high,medium,10,namecheap,,,09/09/2026 01:45
1cbf57d8-25e9-460b-b1eb-2889957f1cc5,splendidly.foo,available,12.98,17.98,high,low,10,namecheap,,,14/09/2026 16:44
d1d916e3-5265-40c3-964e-18a4651cf683,solely.foo,premium,36.25,36.25,high,low,6,name.com,,,
fc767cff-7909-467a-8b6c-baa1aebff791,hertzian.foo,available,12.98,17.98,medium,low,8,namecheap,,,21/08/2026 07:14
dfd5b83a-14ef-43b0-8c6d-5f5b22ab7cb1,shortness.foo,available,12.98,17.98,medium,low,9,namecheap,,,16/09/2026 17:27
2a6301cf-07ed-4911-9ee8-4afb3145db4e,note.foo,premium,623.75,,high,low,4,name.com,,,
64ccfbc4-5f0d-468f-af50-dab2d2c7c7fa,marion.foo,premium,167.7,167.7,high,low,6,namecheap,,,25/09/2026 14:37
00fbb897-d203-444d-a937-89cc3bdc37cf,eonian.foo,available,12.98,17.98,medium,low,6,namecheap,,,
ba433ae3-ab87-42cc-8eb2-8b797e85683d,adjective.foo,available,12.98,17.98,high,low,9,namecheap,,,
51dd39ce-0be0-4acd-948d-2d1f90042da2,brit.foo,premium,36.25,36.25,high,low,4,name.com,,,11/08/2026 04:52
67d792f1-09c9-4de6-8743-0413e3643bbc,basilar.foo,available,12.98,17.98,medium,low,7,namecheap,,,08/08/2026 22:16
845d6759-a3ec-4a24-ac65-e3c5b27b8972,maculate.foo,available,12.98,17.98,medium,low,8,namecheap,,,13/08/2026 23:26
e7350980-3343-4893-9519-a8db8e297c2c,hangover.foo,available,16.99,,high,low,9,name.com,,,
8604fc94-c342-4e94-a421-58086779c4c9,nosey.foo,available,12.98,17.98,medium,low,5,namecheap,,,03/09/2026 21:50
b50474ae-4805-4298-8b1f-c2f953e5aeb0,cashier.foo,premium,37.7,37.7,high,low,7,namecheap,,,22/09/2026 02:24
2fd3c4d2-ec01-48cc-9c77-b0f783dc28ab,cleanable.foo,available,12.98,17.98,medium,low,9,namecheap,,,12/08/2026 10:19
fd5d97ab-1616-4305-aff9-740bf2efdb5b,preciously.foo,available,12.98,17.98,high,medium,10,namecheap,,,09/09/2026 01:14
5aff10ce-6828-43bf-810e-a5d01329bab7,crabby.foo,available,12.98,17.98,medium,low,6,namecheap,,,08/08/2026 07:43
80762588-05d7-4e45-ac79-016e8513a588,honour.foo,premium,76.7,76.7,high,low,6,namecheap,,,16/09/2026 22:47
4e2a3f2a-1123-4cac-8353-12cee7c0ed50,other.foo,premium,161.25,,high,low,5,name.com,,,26/09/2026 00:34
5ecb561c-0927-4c7c-a1bd-e21966defca8,sobeit.foo,available,16.99,18.99,low,low,8,name.com,,,16/09/2026 13:51
007b77e8-5722-4c40-a723-b38bec3e09d1,communal.foo,available,12.98,17.98,high,low,8,namecheap,,,23/09/2026 16:10
de44dc15-0723-494c-8574-cc5a350ffb76,zamang.foo,available,12.98,17.98,medium,low,6,namecheap,,,18/09/2026 03:18
27a99c56-025d-467c-9c70-b470a102935d,oxycontin.foo,available,12.98,17.98,medium,low,9,namecheap,,,20/09/2026 00:25
c58d9f03-4fec-4998-bfac-e3832883fb2b,spik.foo,available,12.98,17.98,high,medium,4,namecheap,,,10/09/2026 15:33
c56b8a4b-f2f3-423a-9047-1686963fccb3,elusive.foo,available,12.98,17.98,high,low,7,namecheap,,,08/08/2026 08:07
58616d7c-fcea-49bb-b4cc-ce0502814877,baba.foo,premium,323.7,323.7,high,low,4,namecheap,,,21/09/2026 12:09
090fdbb3-fc2c-4b9f-b1ea-02211cc6be01,sweetie.foo,available,12.98,17.98,high,low,7,namecheap,,,10/09/2026 19:34
2a9aabe7-0783-42c0-b7cc-b77f83f5f12f,chinquapin.foo,available,12.98,17.98,medium,low,10,namecheap,,,18/09/2026 10:57
ff5eeea1-b870-4a9b-b97c-8b3eb25886c8,beacon.foo,premium,167.7,167.7,high,medium,6,namecheap,,,22/09/2026 19:12
c193ef6c-848f-4bd6-8728-22506db92a45,upstart.foo,available,12.98,17.98,high,low,7,namecheap,,,25/09/2026 23:17
5ba090eb-db2c-48ec-aa1b-ee8d65654681,chiefly.foo,available,12.98,17.98,high,low,7,namecheap,,,25/09/2026 05:59
3e038651-7b9c-4409-8117-de84564d57e6,zealous.foo,available,12.98,17.98,high,low,7,namecheap,,,13/09/2026 15:10
de89310d-d993-4e75-80e3-9620a388811e,faceted.foo,available,12.98,17.98,high,low,7,namecheap,,,17/08/2026 20:24
81563642-7383-4774-8a24-203cf4e606e9,bionomics.foo,available,12.98,17.98,medium,low,9,namecheap,,,23/09/2026 18:43
2b977d77-1c33-400b-8842-40eb0d12f8e2,twinkly.foo,available,12.98,17.98,medium,low,7,namecheap,,,09/08/2026 04:13
61a5fc42-6d58-4ebf-8129-970132cdba24,peachy.foo,premium,36.25,36.25,high,low,6,name.com,,,08/08/2026 12:41
ac26a7fa-c46e-4aa3-bc8c-1cf1b3e960af,nickel.foo,premium,76.7,76.7,high,low,6,namecheap,,,20/09/2026 22:42
3b77af80-0d8e-4c37-993f-6f59920acd3c,plier.foo,available,16.99,,medium,low,5,name.com,,,
ae9f6cb3-05de-45f1-9ec0-00e264b9b1eb,boolean.foo,premium,73.75,73.75,high,low,7,name.com,,,10/08/2026 19:12
54b08370-7fc4-47d9-93ba-5159b9b4a508,colin.foo,premium,167.7,167.7,high,low,5,namecheap,,,26/09/2026 03:20
1b55938e-80ad-4567-8acc-23cac0acdcfe,looked.foo,available,12.98,17.98,high,low,6,namecheap,,,18/09/2026 11:20
03624124-9b43-4377-a42b-ee6b65dba1b1,bitok.foo,available,12.98,17.98,medium,low,5,namecheap,,,23/09/2026 22:40
5fc25909-9bfe-48af-a7f9-8eb327710249,hanukkah.foo,available,16.99,,high,low,8,name.com,,,
c3d9809b-9ef1-4c06-a5fc-d68d0595a32e,forester.foo,available,12.98,17.98,medium,low,8,namecheap,,,20/09/2026 00:50
95c20a29-502e-4528-93d2-2f8b7a35fbd1,link.foo,premium,1298.7,1298.7,high,medium,4,namecheap,,,22/09/2026 10:11
196eb044-d152-419a-906b-dd1ef56c9b59,enteral.foo,available,12.98,17.98,medium,low,7,namecheap,,,17/08/2026 09:55
dadab508-5b1b-4fef-9cde-7621fa865b93,astilbe.foo,available,12.98,17.98,medium,low,7,namecheap,,,20/09/2026 17:26
f221677a-053f-4e05-991c-5fb7fa0c49cc,anarchist.foo,available,12.98,17.98,high,low,9,namecheap,,,19/09/2026 02:24
758182db-17f6-461f-aba1-203211c822a8,fantasm.foo,available,12.98,17.98,high,low,7,namecheap,,,08/09/2026 18:39
030350e5-b961-49eb-a311-af56d2018734,sparse.foo,available,12.98,17.98,high,medium,6,namecheap,,,10/09/2026 15:17
7016b315-cd24-4e3a-a054-7e733494266b,laid.foo,premium,37.7,37.7,high,low,4,namecheap,,,25/09/2026 13:04
9ddf1f1c-f2ce-4c5e-8067-ce4d8b0a73bf,fluency.foo,available,12.98,17.98,high,low,7,namecheap,,,20/09/2026 11:19
8ec42731-9934-4328-a09a-9795b3377f00,syncretic.foo,available,12.98,17.98,high,low,9,namecheap,,,11/09/2026 06:21
fcb39ba5-756b-486c-88bf-c5ae0cf6197a,amplifiers.foo,available,12.98,17.98,medium,low,10,namecheap,,,17/09/2026 07:12
05167b09-8b2b-422e-9b66-641e32d46c4e,unsigned.foo,available,12.98,17.98,high,low,8,namecheap,,,12/09/2026 19:55
09c1d19a-fd47-47a0-b819-d691d8e92679,resort.foo,premium,311.25,,high,low,6,name.com,,,
05fefed1-f3e7-4577-a605-ea80c8314793,headless.foo,available,12.98,17.98,medium,low,8,namecheap,,,11/08/2026 01:43
2638759a-6b53-455f-b66b-ccd6ad26a410,status.foo,premium,623.75,,high,medium,6,name.com,,,
e6742ce7-7f62-4062-ab5d-6f0aaa23ffab,rashes.foo,available,12.98,17.98,low,low,6,namecheap,,,19/09/2026 21:50
99969375-b57e-4e06-9efe-52d7c693fc91,veteran.foo,premium,73.75,,high,low,7,name.com,,,
d73d2506-9afc-4805-bc9a-8a88bbf33d7b,wesley.foo,premium,167.7,167.7,high,low,6,namecheap,,,25/09/2026 22:12
a68265d3-ce6b-407c-88c1-5de75701cce3,decayable.foo,available,12.98,17.98,low,low,9,namecheap,,,13/08/2026 20:54
18cfa68c-c091-46fc-b54d-07f0ca060c75,storage.foo,premium,323.7,323.7,high,low,7,namecheap,,,23/09/2026 08:25
247a5c98-3959-40d3-b5f4-283e9c3531f4,fossorial.foo,available,12.98,17.98,high,low,9,namecheap,,,18/08/2026 13:21
27802953-d1a5-40d5-80f8-db858ba12d20,stat.foo,premium,161.25,,high,low,4,name.com,,,
bfbb4ac9-24ad-47fe-9854-d34ce4d138a3,visualised.foo,available,12.98,17.98,high,low,10,namecheap,,,17/08/2026 10:03
2380f1b7-22d5-497c-ab08-c4e1ce7e7b58,terrified.foo,available,16.99,,medium,low,9,name.com,,,
f70b80f5-8d7f-46bc-86b6-5f4a2472f12a,buffet.foo,premium,167.7,167.7,high,low,6,namecheap,,,19/09/2026 17:05
4f3b1261-8b7f-4cfd-b39d-46b38fc68549,susurrous.foo,available,12.98,17.98,medium,low,9,namecheap,,,03/09/2026 11:24
07d58924-919d-4e5e-ac79-ce79f481407d,abampere.foo,available,12.98,17.98,medium,low,8,namecheap,,,16/09/2026 13:54
d477a831-074c-45ea-b668-4e9b7b45ef33,bandoneon.foo,available,12.98,17.98,medium,low,9,namecheap,,,22/09/2026 01:29
222feaa6-f366-40bd-bada-2d2fb0abd764,muffle.foo,available,16.99,18.99,medium,low,6,name.com,,,13/08/2026 16:49
81b73890-ea5f-4a5a-93b7-c18e8492a48b,armorial.foo,available,12.98,17.98,medium,low,8,namecheap,,,06/08/2026 20:15
ec334c04-ec10-4acf-b1b2-b0fdeb0fdc8c,slanting.foo,available,12.98,17.98,medium,low,8,namecheap,,,07/08/2026 04:20
aa03df78-72c4-44bf-a957-3840bcca0683,flipped.foo,available,12.98,17.98,medium,low,7,namecheap,,,18/09/2026 12:06
dd1c38cb-e82a-4dbf-9926-789c16f0e7fb,unified.foo,premium,36.25,36.25,high,low,7,name.com,,,13/08/2026 00:16
944f7d62-bf62-4ede-96bc-ac30719e828f,blossom.foo,premium,323.7,323.7,high,low,7,namecheap,,,24/09/2026 20:31
171a5f2d-cb69-4b62-b036-393906c7abcf,occipital.foo,available,12.98,17.98,high,low,9,namecheap,,,04/09/2026 00:11
0641fbb9-eaf8-4c20-b0ad-206c610d51f6,bbc.foo,premium,76.7,76.7,high,medium,3,namecheap,,,19/09/2026 05:43
0fca51ab-0593-4143-aeb4-70a78d2739e1,acronym.foo,premium,36.25,,high,low,7,name.com,,,
cd7f58e0-9cc0-4067-b343-d6a3eb1b016e,shoebird.foo,available,12.98,17.98,medium,low,8,namecheap,,,21/09/2026 20:37
dccc7ccd-82bc-4723-8489-08b421709448,symbiotic.foo,available,12.98,17.98,high,low,9,namecheap,,,11/09/2026 06:01
4a3df318-e0ef-43a3-83c8-cb39ddc80a02,bacitracin.foo,available,12.98,17.98,high,low,10,namecheap,,,21/09/2026 14:25
08fafe4d-d05e-466d-8045-240c6947c78d,betrothal.foo,available,12.98,17.98,high,low,9,namecheap,,,23/09/2026 11:34
8bd8f592-049b-42c3-97c0-8daa2bd1151a,bargello.foo,available,12.98,17.98,medium,low,8,namecheap,,,22/09/2026 05:48
879a28e4-7ca0-47ca-ad87-40662d8a5eef,affiliated.foo,available,12.98,17.98,high,low,10,namecheap,,,
cd254abe-3970-4d32-97b4-dc6392a7c664,lugosi.foo,available,12.98,17.98,high,low,6,namecheap,,,23/09/2026 04:23
651f04ba-75ed-4f8e-a854-fb55e74b7b4e,indic.foo,available,12.98,17.98,medium,low,5,namecheap,,,22/08/2026 03:16
54ff9bcb-4a90-4507-a80e-0529e2a21e58,before.foo,premium,167.7,167.7,high,low,6,namecheap,,,21/09/2026 23:34
2d46f2a1-e482-4bad-b6e7-28327bc4e056,antibody.foo,premium,37.7,37.7,high,low,8,namecheap,,,19/09/2026 14:14
4749e2b6-172e-463a-9ac6-68f40aa593a6,seattle.foo,premium,311.25,,high,low,7,name.com,,,
50124d06-2f07-471b-a013-6e851a43f530,platter.foo,available,16.99,,high,low,7,name.com,,,
952837e5-a40c-4d13-acc5-b50f502c1f09,outwards.foo,available,12.98,17.98,medium,low,8,namecheap,,,04/09/2026 19:50
92e0998f-db15-44e3-b358-68d601c88f56,scare.foo,premium,37.7,37.7,high,low,5,namecheap,,,17/09/2026 14:51
de6c3efc-dfa9-4a35-9278-7327ff216593,blackburn.foo,available,12.98,17.98,high,low,9,namecheap,,,24/09/2026 02:11
f6bf893b-2a5f-41af-9641-3dff7ab17d9b,doings.foo,available,12.98,17.98,high,low,6,namecheap,,,23/09/2026 03:17
68ecc301-9792-4aee-8dc3-b049b3b4a390,matrix.foo,premium,623.75,,high,medium,6,name.com,,,
f2a36bd0-4b1b-4dda-9578-81f267bbc75e,badaga.foo,available,12.98,17.98,medium,low,6,namecheap,,,21/09/2026 16:58
2cc11cae-9166-4261-8e44-9f84c3383807,coat.foo,premium,161.25,,high,low,4,name.com,,,
993bbe67-d3eb-40f3-8515-40bf1f86bcbd,mid.foo,premium,311.25,,high,low,3,name.com,,,
02c9d647-4734-4bef-a8d9-c12faae0bbcf,cereal.foo,premium,73.75,73.75,high,low,6,name.com,,,12/08/2026 00:26
61d1f44b-0d9f-47b3-a85f-9ab3cd5c5b86,bingle.foo,available,12.98,17.98,medium,low,6,namecheap,,,19/09/2026 16:38
565e0559-e448-45a9-bd74-ee2da85bd4ca,simplicity.foo,premium,73.75,,high,low,10,name.com,,,
e4752978-7f2f-4924-840a-e316a12770b1,barmy.foo,available,12.98,17.98,medium,low,5,namecheap,,,06/08/2026 20:25
76b89a4c-647d-42f7-8131-8ea0e79bd7af,silver.foo,premium,648.7,648.7,high,low,6,namecheap,,,22/09/2026 07:45
4c44dcb3-3ac0-4294-893b-386f87524226,triplet.foo,available,12.98,17.98,medium,low,7,namecheap,,,
dbb2ea26-55a9-46db-8c9c-4b61702b2246,cuddly.foo,available,12.98,17.98,high,low,6,namecheap,,,13/08/2026 10:11
4c055d7f-48fd-4fad-bf06-ac12a5aa62ec,ointment.foo,available,12.98,17.98,high,low,8,namecheap,,,16/08/2026 15:54
91371a77-a636-4db7-a121-878a33cd5895,testator.foo,available,12.98,17.98,medium,low,8,namecheap,,,11/09/2026 12:02
f8ab0a3b-d2db-464c-bbea-70e433fd1da0,deniable.foo,available,12.98,17.98,medium,low,8,namecheap,,,14/08/2026 01:50
292a5d82-d988-4f8e-83ed-712bce71f59d,traps.foo,premium,37.7,37.7,high,low,5,namecheap,,,20/09/2026 04:06
653224e1-3bd9-4e7f-a157-83513ec30c6e,divert.foo,available,16.99,18.99,high,low,6,name.com,,,24/09/2026 07:57
dfe11641-78fc-4876-90ee-b9c88252b097,baby.foo,premium,1248.75,,high,low,4,name.com,,,
a4391a6f-7f50-46c5-87fe-9a4fe899a226,inductive.foo,available,12.98,17.98,high,low,9,namecheap,,,22/08/2026 03:29
ad486968-6675-4aee-a2fa-8512139ecbf6,recounting.foo,available,12.98,17.98,high,low,10,namecheap,,,11/09/2026 10:26
5de60ec9-4724-4373-b90a-93119b57dee2,vector.foo,premium,161.25,,high,low,6,name.com,,,
e743c3de-a548-4056-8e04-d87efa474702,public.foo,premium,623.75,,high,low,6,name.com,,,
ad67cc44-27c6-4eda-8761-dcdbe92d664d,butterball.foo,available,12.98,17.98,medium,low,10,namecheap,,,17/08/2026 23:59
535190d6-2d82-41e0-b2a2-6806ad53b1e6,dog.foo,premium,1248.75,,high,low,3,name.com,,,
93a7565c-4f26-4c20-862e-fd3f0fe92d03,aliens.foo,premium,167.7,167.7,high,low,6,namecheap,,,19/09/2026 19:25
e6c51869-fd6f-458c-b2cd-dde06bada5b9,esthesia.foo,available,12.98,17.98,medium,low,8,namecheap,,,17/09/2026 13:25
022b31fd-7297-474a-af70-622523fad168,enclosed.foo,available,12.98,17.98,high,low,8,namecheap,,,16/08/2026 22:21
f986884f-593e-4354-b4a0-3e7ee10143bc,mcmahon.foo,available,12.98,17.98,high,low,7,namecheap,,,25/09/2026 21:50
95834d3e-d58e-43b1-bc9f-779f9e2c098a,cheat.foo,premium,161.25,161.25,high,low,5,name.com,,,12/08/2026 03:31
3089a11b-fde3-4db3-ac62-15405f23beba,wired.foo,premium,36.25,,high,low,5,name.com,,,
d2cb47f7-72f5-4e5b-9b4c-7320370fae7a,masked.foo,premium,36.25,36.25,high,low,6,name.com,,,12/08/2026 11:32
c18596d8-7ae1-458a-93e3-5c37d26d7468,opts.foo,available,12.98,17.98,medium,low,4,namecheap,,,18/09/2026 13:57
61e3c673-a1a2-4686-8b2d-19d3c2887533,universally.foo,available,16.99,,high,low,11,name.com,,,
6c357fb7-32d7-4393-89e3-330a0e421203,physically.foo,available,12.98,17.98,high,low,10,namecheap,,,19/09/2026 14:53
b49e7557-62ea-4a76-8b9e-a2136d56d45c,farmer.foo,premium,311.25,311.25,high,low,6,name.com,,,08/09/2026 06:02
871d7aab-85aa-4cfc-858d-3a9005228e84,started.foo,premium,167.7,167.7,medium,low,7,namecheap,,,18/09/2026 11:27
b0438219-0ee1-4560-9a91-e88ad51cd621,tetragon.foo,available,12.98,17.98,medium,low,8,namecheap,,,09/09/2026 07:24
f1bf9548-fde0-46b2-83ca-851d662554ec,cherimoya.foo,available,12.98,17.98,medium,low,9,namecheap,,,19/09/2026 10:32
5febb057-b0ce-41a6-a331-6e89424ed6d9,anthony.foo,premium,167.7,167.7,high,low,7,namecheap,,,19/09/2026 13:34
45f105b9-7187-4a64-9b6a-83ca27291979,passbook.foo,available,12.98,17.98,high,low,8,namecheap,,,22/09/2026 02:44
191ca4b3-d2ca-485a-8f4a-5e0128760c33,afraid.foo,available,16.99,18.99,high,low,6,name.com,,,26/09/2026 00:46
79b11408-a5dd-4050-9e45-d01be045eb0f,bearer.foo,available,12.98,17.98,high,low,6,namecheap,,,22/09/2026 21:14
82e0f297-309c-46e6-9295-a3dae9350ca6,ears.foo,premium,76.7,76.7,medium,low,4,namecheap,,,25/09/2026 16:57
aabfd4a9-5d9c-4ed7-b8dc-c4abe915b2b5,neuronal.foo,available,12.98,17.98,medium,low,8,namecheap,,,03/09/2026 16:20
ea3a27bc-0809-49a8-b5d1-21f6d8601a75,anshar.foo,available,12.98,17.98,medium,low,6,namecheap,,,19/09/2026 12:12
a4cd6d1c-b29f-42d3-a631-f97402d8e8e3,nonuniform.foo,available,12.98,17.98,high,low,10,namecheap,,,22/08/2026 05:15
fa181891-2ad6-4f24-801f-1e5e90be6615,annual.foo,premium,73.75,73.75,high,low,6,name.com,,,22/09/2026 05:27
1aa2ed40-eb34-42fd-8d7c-e31e829a77f2,deck.foo,premium,161.25,,high,low,4,name.com,,,
5528710d-ecb6-40e7-9424-5de567278229,seats.foo,premium,73.75,,high,low,5,name.com,,,
ed16736a-7b1a-4776-a30d-9a0733b78ee8,byzantine.foo,available,12.98,17.98,high,low,9,namecheap,,,11/08/2026 12:12
e0f0a926-3496-4bb8-ab72-948b17c169f4,punk.foo,premium,323.7,323.7,high,low,4,namecheap,,,23/09/2026 11:14
270ab84c-ddbd-4415-9cee-a1560d642b77,overtime.foo,premium,161.25,,high,low,8,name.com,,,
a38233d3-76cf-4750-b0ba-52dfcd765b0c,adopted.foo,premium,36.25,36.25,high,low,7,name.com,,,
7a2daead-6dc8-4f57-b8c5-b414a132bb8f,brow.foo,premium,36.25,,high,low,4,name.com,,,
fbb94e69-46d0-4e09-b0dc-e894e5016169,styling.foo,premium,167.7,167.7,high,low,7,namecheap,,,17/09/2026 18:14
47317d21-cf95-4f68-8dcd-fca6cec438c5,pimiento.foo,available,12.98,17.98,medium,low,8,namecheap,,,23/09/2026 05:38
61c6b560-c1e1-4e67-b3f0-2c737792e114,apparently.foo,available,12.98,17.98,high,low,10,namecheap,,,08/09/2026 20:26
6327f50f-7c4f-4dcf-a82f-1c7dab9abe3a,namely.foo,available,16.99,,medium,low,6,name.com,,,
877c6922-a2f2-485b-88c7-749488f18b86,pulled.foo,premium,36.25,,high,low,6,name.com,,,
ae2df817-fcd6-4203-98e8-3f86d84d1cdf,nebular.foo,available,12.98,17.98,medium,low,7,namecheap,,,12/08/2026 12:39
9a2d017c-752a-440d-a5f2-290914f757e0,waters.foo,premium,73.75,,high,low,6,name.com,,,
8f107885-4c20-4d7b-bdda-5af0619a2bc1,auxesis.foo,available,12.98,17.98,high,low,7,namecheap,,,21/09/2026 08:33
a769f8a6-dac0-4e47-af91-7be64c0f4fce,separately.foo,available,12.98,17.98,medium,low,10,namecheap,,,15/09/2026 08:00
eba0ac8e-e68b-4d28-912a-aa12bb18fda6,extinct.foo,available,12.98,17.98,high,low,7,namecheap,,,17/08/2026 19:11
798b6163-81e8-4810-b61b-5c399e6624d8,pleasing.foo,available,16.99,,high,low,8,name.com,,,
925d8894-f5e9-4ec8-a498-f3365a4c1623,unchanging.foo,available,12.98,17.98,high,low,10,namecheap,,,12/09/2026 05:04
c811d3ad-1c30-4ac8-b46d-771c73fac701,implanted.foo,available,12.98,17.98,medium,low,9,namecheap,,,13/08/2026 22:47
227c3938-fde3-4950-9d61-1810587c4c39,belisarius.foo,available,12.98,17.98,medium,low,10,namecheap,,,23/09/2026 05:17
681a465a-225c-459c-b44b-177b848923b6,reformer.foo,available,12.98,17.98,high,low,8,namecheap,,,19/09/2026 15:23
bd837aa0-a350-4c48-80d7-5a097bdf5d47,distal.foo,available,12.98,17.98,medium,low,6,namecheap,,,14/08/2026 13:03
3aa03f74-8577-4ce1-8813-b5d0f4640f53,entirely.foo,available,12.98,17.98,high,low,8,namecheap,,,
1a093f4e-6237-49d2-a501-62f86343a20e,uneventful.foo,available,12.98,17.98,medium,low,10,namecheap,,,12/09/2026 09:21
4d855e18-a3b3-4132-9367-3bce26b82479,competence.foo,premium,37.7,37.7,high,low,10,namecheap,,,24/09/2026 16:46
022bf526-7c95-450e-9194-a1928d61f7d5,stopped.foo,available,16.99,,high,low,7,name.com,,,
62d55dae-9cb2-4aa0-8dbf-8530d04037b7,whole.foo,premium,323.7,323.7,high,low,5,namecheap,,,22/09/2026 00:29
c27dba2c-8481-45bf-85fb-b971aa23ef2c,acetate.foo,available,12.98,17.98,high,low,7,namecheap,,,17/09/2026 00:03
d92e49b3-f8a9-474d-9aaf-21bddedc9c56,altair.foo,premium,37.7,37.7,medium,low,6,namecheap,,,18/09/2026 14:31
b636e440-a418-4ff9-a077-8ec44c35f35b,scag.foo,available,12.98,17.98,medium,low,4,namecheap,,,23/09/2026 14:40
8e6e2b46-fd22-4dad-94bb-2524016a2ce8,mcpherson.foo,available,12.98,17.98,high,low,9,namecheap,,,17/09/2026 21:28
7d09b620-9181-48c5-abea-b9ea6766e964,exhale.foo,available,16.99,,high,low,6,name.com,,,
793d27df-cd45-4b00-8e17-7e913617b942,gratis.foo,premium,311.25,311.25,high,low,6,name.com,,,20/08/2026 18:35
5bafe38c-bb68-49b3-b3e2-1c486cd09469,oppressive.foo,available,12.98,17.98,medium,low,10,namecheap,,,04/09/2026 16:52
73fc4809-f96d-4140-b222-6b64c9ebaaf0,threatened.foo,available,12.98,17.98,medium,low,10,namecheap,,,11/09/2026 14:13
de440b74-28b6-4986-a1f7-1780731373e9,acoustic.foo,premium,73.75,73.75,high,low,8,name.com,,,
f613ce25-7fe5-4f2e-876f-a8258dc45a80,offence.foo,available,12.98,17.98,high,low,7,namecheap,,,04/09/2026 01:34
9e3a286e-ec90-4f81-8d00-b657fa7e87a3,lafayette.foo,available,16.99,,high,low,9,name.com,,,
a610fa31-4d63-4f7b-9b7a-aa7768a416b8,asthenia.foo,available,12.98,17.98,medium,low,8,namecheap,,,20/09/2026 17:17
a547a8ae-806f-41e5-b769-37afe2081094,paraplegic.foo,available,12.98,17.98,medium,low,10,namecheap,,,08/09/2026 01:10
b710c09b-a683-4af2-8f08-54e835556566,resemblance.foo,available,16.99,,high,low,11,name.com,,,
e8e0fe92-18e4-43b5-b347-b9667912b7bc,withal.foo,available,12.98,17.98,medium,low,6,namecheap,,,13/09/2026 18:51
9cfe04b1-b19f-43e5-b0ee-9a624b7dc90a,convict.foo,available,12.98,17.98,high,low,7,namecheap,,,24/09/2026 17:58
7c423218-5acc-4de1-8fb8-8dc9935198d6,ethyne.foo,available,12.98,17.98,medium,low,6,namecheap,,,17/09/2026 00:23
e12f3e21-d4f0-4b53-88c9-fd1a13abed56,baal.foo,available,12.98,17.98,high,low,4,namecheap,,,21/09/2026 12:05
a033589a-b47e-401a-8fa4-1c5a54079253,planetarium.foo,available,16.99,,high,low,11,name.com,,,
2aede1fa-83bc-46f0-b7f4-736d5bf559e0,incentive.foo,premium,161.25,,high,low,9,name.com,,,
a87338a5-bd48-4b31-b503-609e472aa392,focally.foo,available,12.98,17.98,medium,low,7,namecheap,,,14/09/2026 19:10
df33d0be-142d-4946-9107-db1a99f15772,showered.foo,available,12.98,17.98,medium,low,8,namecheap,,,20/09/2026 16:51
edd7dc09-69b3-49de-bc00-56bc1828f175,xciv.foo,available,12.98,17.98,medium,low,4,namecheap,,,
6ad158cc-174c-4673-80ce-2cd18ca301c4,ectopic.foo,available,12.98,17.98,medium,low,7,namecheap,,,14/08/2026 23:57
a3153c3c-f2de-4f5d-8c28-f0f9a172b465,degage.foo,available,12.98,17.98,medium,low,6,namecheap,,,13/08/2026 23:57
0f98a97d-72be-4148-ac79-834cf0ed307e,dart.foo,premium,73.75,73.75,high,low,4,name.com,,,18/08/2026 07:49
8c4451e8-57f2-406e-a78c-7203eacfca80,trilled.foo,available,12.98,17.98,medium,low,7,namecheap,,,09/09/2026 18:19
dfa4bc4b-9b45-46b8-b01c-229bee78f527,accessible.foo,premium,76.7,76.7,high,low,10,namecheap,,,21/09/2026 15:38
f7b6895f-9f6b-48e1-9485-2bf7a1694347,covering.foo,available,16.99,,high,low,8,name.com,,,
d5df5e41-66ba-498f-8bdb-c6e5c715ad75,rollercoaster.foo,available,16.99,,high,low,14,name.com,,,
52a5c361-2b50-4336-bbde-2057ab4940ca,silvern.foo,available,12.98,17.98,high,medium,7,namecheap,,,10/09/2026 08:13
baa57600-881d-44fb-96ce-c10b6a3b8769,pete.foo,premium,73.75,,high,low,4,name.com,,,
d87c23a9-a6c1-4cee-b3cb-db8144f0d3b9,tined.foo,available,12.98,17.98,medium,low,5,namecheap,,,09/09/2026 03:20
b36fbad4-db1c-4d76-b77d-c6479bfd65d0,unvalued.foo,available,12.98,17.98,medium,low,8,namecheap,,,12/09/2026 22:02
1039cd0a-9c8f-4450-8164-e9d5a5c6bcb4,heads.foo,premium,161.25,,high,low,5,name.com,,,
c3c5ce72-217d-4e56-bf7b-5ad9ff45a919,aphid.foo,available,12.98,17.98,medium,low,5,namecheap,,,19/09/2026 16:56
9cd0778b-717d-4698-81fd-a5f139a71515,farrell.foo,premium,37.7,37.7,high,low,7,namecheap,,,25/09/2026 05:20
5629237d-4d49-46fe-822c-187b3221f8d3,toon.foo,premium,37.7,37.7,high,low,4,namecheap,,,19/09/2026 09:01
788f9ffc-983a-4287-8bab-784d688dc1a5,baize.foo,available,12.98,17.98,medium,low,5,namecheap,,,21/09/2026 19:59
38ac86f2-ae24-419e-b09a-d67f03ed55ed,glary.foo,available,12.98,17.98,medium,low,5,namecheap,,,10/08/2026 13:49
851f022e-6b17-4840-8503-f0a3c5cd470f,chart.foo,premium,623.75,,high,low,5,name.com,,,
444cbd27-4330-4afd-a355-e9bf97572ca8,lifted.foo,premium,73.75,73.75,high,low,6,name.com,,,23/08/2026 02:39
2b4877f0-e67f-4df8-9b7d-7c591c56c9c6,inutile.foo,available,12.98,17.98,medium,low,7,namecheap,,,22/08/2026 08:54
fe677b1a-0a80-4dcd-ba70-0c2da90d99f8,stealthily.foo,available,12.98,17.98,medium,low,10,namecheap,,,16/09/2026 06:59
9b2545b5-5643-4ed4-b5cf-e9723c575238,jacobs.foo,premium,311.25,,high,low,6,name.com,,,
38a79bdb-d752-45a6-b926-b24e7bc9b78a,expressly.foo,available,12.98,17.98,medium,low,9,namecheap,,,14/09/2026 17:09
3c951282-3a80-469c-9d3f-df761df706b6,aeriferous.foo,available,12.98,17.98,medium,low,10,namecheap,,,
1f25eaf5-64da-41d5-a292-64e739b6d542,granola.foo,available,16.99,,high,low,7,name.com,,,
5262d450-5c5e-430a-aca3-8a4fa897098e,polio.foo,available,16.99,18.99,medium,low,5,name.com,,,17/09/2026 05:40
ea15f458-ff6e-482f-978d-a24ca16c9e80,trivial.foo,premium,37.7,37.7,high,low,7,namecheap,,,24/09/2026 17:54
16363a29-57a3-45a1-a613-e2f0bd2b8f24,pushup.foo,premium,36.25,,high,low,7,name.com,,,
cdad9161-5d8c-4c15-830b-a0be5c60b386,leonine.foo,available,12.98,17.98,medium,low,7,namecheap,,,22/08/2026 23:57
120e6536-5b73-4f60-bb8e-2b0ebe692ebd,capitate.foo,available,12.98,17.98,medium,low,8,namecheap,,,11/08/2026 17:57
c0e95220-3575-40f7-a8d9-4f21d216a21f,does.foo,premium,311.25,,high,low,4,name.com,,,
7c465153-94ed-42f6-9e34-005fe058cf19,kurakkan.foo,available,12.98,17.98,medium,low,8,namecheap,,,17/09/2026 15:21
b0798865-5749-48f9-9b38-90ae9b0b74d2,aerialist.foo,available,16.99,18.99,medium,low,9,name.com,,,17/09/2026 12:50
670a4b7f-abed-4115-8279-c8de426bc342,comp.foo,premium,648.7,648.7,high,low,4,namecheap,,,23/09/2026 17:59
53fd9cef-7167-4498-994b-a4ca0cf76050,ashtray.foo,available,12.98,17.98,high,low,7,namecheap,,,20/09/2026 14:02
34461b17-4396-4e9c-ba17-f5db4e2671a8,corked.foo,available,12.98,17.98,medium,low,6,namecheap,,,13/08/2026 01:20
b7cbf0e4-c602-4598-99cb-819817cf71b1,mischief.foo,available,12.98,17.98,high,low,8,namecheap,,,21/09/2026 21:54
67228742-b1da-4430-b72c-03f6df7a356e,murky.foo,available,12.98,17.98,medium,low,5,namecheap,,,25/08/2026 01:08
a61be12d-f75f-419e-8b60-71374e99179a,discussion.foo,premium,73.75,,high,low,10,name.com,,,
16f32214-b41d-48ae-9437-f52e23ed350d,sheepdog.foo,available,16.99,,high,low,9,name.com,,,
f925f3d2-7199-4680-8289-bcc5c2ae1e29,introduced.foo,available,16.99,,high,low,10,name.com,,,
656dddca-c174-49c5-89b2-724e9280c509,mistakenly.foo,available,12.98,17.98,medium,low,10,namecheap,,,14/09/2026 16:00
52109f76-55c3-4167-90c1-dd134c1e529f,homebound.foo,available,12.98,17.98,medium,low,9,namecheap,,,21/08/2026 10:54
2844b2cf-b406-45ed-be48-1a7450cced37,deepen.foo,available,12.98,17.98,high,low,6,namecheap,,,12/08/2026 19:32
f2977bef-ba70-4259-b97a-950ce4e08363,tibetan.foo,available,12.98,17.98,high,low,7,namecheap,,,11/09/2026 15:23
36a5b7ee-abcf-4263-b2db-7cc35915d414,foursquare.foo,available,12.98,17.98,high,low,10,namecheap,,,18/08/2026 13:48
bdd1422c-96d2-4aef-8cce-5894f6aa1f0a,eighty.foo,available,12.98,17.98,high,low,6,namecheap,,,
dc950813-866b-44dd-bb02-5b5459ddaf47,stilly.foo,available,12.98,17.98,low,low,6,namecheap,,,10/09/2026 20:35
64e9a6e7-0597-4b61-b0ba-7aa915de8be9,seoul.foo,premium,161.25,,high,low,5,name.com,,,
d64c3f4c-a2b5-4e8c-93a4-207dd852c420,lacerate.foo,available,12.98,17.98,medium,low,8,namecheap,,,22/08/2026 17:51
a20e6792-dbe3-4d97-b2ce-c2f981f2291f,macaronic.foo,available,12.98,17.98,medium,low,9,namecheap,,,24/08/2026 12:44
f8f62d03-d9df-4233-a511-ebc5ba63fea9,base.foo,premium,648.7,648.7,high,medium,4,namecheap,,,22/09/2026 17:31
c077368a-c2b6-46ed-982a-74fd538b855e,polished.foo,available,12.98,17.98,high,low,8,namecheap,,,24/08/2026 23:10
11c35c5c-e587-4b16-a974-08da601d0a98,xii.foo,premium,76.7,76.7,high,low,3,namecheap,,,21/09/2026 11:25
c929c5f6-99fb-4d78-8f9b-934c57aa13a0,soul.foo,premium,648.7,648.7,high,medium,4,namecheap,,,25/09/2026 09:19
0eb5d078-bf23-47b0-9385-b5185bfe6c0d,congregation.foo,available,16.99,,high,low,12,name.com,,,
075fc92f-6dce-4f1c-a2a1-902c95eb9f80,covid.foo,available,16.99,,high,low,5,name.com,,,
3128b004-2cf5-4ff9-8068-c6e2dec9a10f,impending.foo,available,12.98,17.98,high,low,9,namecheap,,,21/08/2026 20:59
b26d41bd-271f-4dca-9c1a-6b5510c9098b,monestrous.foo,available,12.98,17.98,low,low,10,namecheap,,,25/08/2026 04:32
76caaf9a-e34e-4449-8948-d4aa56dab068,linguist.foo,available,12.98,17.98,high,low,8,namecheap,,,08/09/2026 23:18
00512799-50bf-4001-b7d9-305a94a8ec33,contorted.foo,available,12.98,17.98,medium,low,9,namecheap,,,12/08/2026 23:22
3531001c-0694-4f4a-a1f6-823c0f02c71c,jennifer.foo,premium,37.7,37.7,high,low,8,namecheap,,,25/09/2026 14:21
f746ecb1-3b9a-4804-87bb-9f31f97445ae,sundown.foo,available,12.98,17.98,high,low,7,namecheap,,,11/09/2026 02:12
9f793ff0-a9fc-49c4-a8ff-89e746aee5f0,skype.foo,available,16.99,,high,medium,5,name.com,,,
1e8b03b3-c9d3-49f8-9baf-2dbc64c5531f,vodka.foo,premium,161.25,,high,low,5,name.com,,,
9c873f89-4111-4379-b15c-012047f4a376,dinner.foo,premium,161.25,,high,low,6,name.com,,,
5a8091f5-38a8-486b-80c4-69cd9d6b8fee,acetonic.foo,available,12.98,17.98,medium,low,8,namecheap,,,
5b7a848a-d54a-4a47-999d-ae2b6bf70e14,variant.foo,premium,76.7,76.7,high,low,7,namecheap,,,13/09/2026 01:15
c52d2a33-9bbe-4b94-bfb2-dde16ab290d1,ahorseback.foo,available,12.98,17.98,medium,low,10,namecheap,,,
a3ac1fd2-93d2-4857-a24f-eaa1c3ec739c,prayed.foo,available,12.98,17.98,medium,low,6,namecheap,,,18/09/2026 02:41
a1bbef29-f3b1-4611-9cef-16261ea865ec,suggested.foo,available,12.98,17.98,medium,low,9,namecheap,,,18/09/2026 13:48
85433a88-d2ec-410a-b717-ac3a6350b000,list.foo,premium,648.7,648.7,high,low,4,namecheap,,,25/09/2026 13:18
22a34ef7-cf9b-4405-a883-63b876702abc,sewed.foo,available,12.98,17.98,medium,low,5,namecheap,,,10/09/2026 05:05
7835f563-5ebb-48ea-9d65-f4158e0df1bd,bidder.foo,available,12.98,17.98,medium,low,6,namecheap,,,23/09/2026 13:43
65b5920c-a5f2-4ff7-b5dd-b0c41ff8ce79,analogue.foo,available,12.98,17.98,high,low,8,namecheap,,,
62bed9d7-4008-4426-b7a8-cd78b81a5d25,dachshund.foo,available,12.98,17.98,high,low,9,namecheap,,,21/09/2026 17:04
caada171-ed58-44bc-9aca-0f4d556a1ac1,powell.foo,premium,76.7,76.7,high,low,6,namecheap,,,25/09/2026 04:09
13cd28c8-15d3-4174-83e5-86e9bd0677fb,gad.foo,premium,76.7,76.7,high,low,3,namecheap,,,19/09/2026 15:59
bbfc2926-3e72-4dfc-83ed-82fd40ba2d02,upland.foo,premium,36.25,36.25,medium,low,6,name.com,,,21/08/2026 09:14
dc9e4b0b-691f-47a4-974c-9ffc5e248de6,unposed.foo,available,12.98,17.98,medium,low,7,namecheap,,,12/09/2026 17:15
e5e0f7a4-d57d-43d8-a322-ac323eae806b,spirit.foo,premium,623.75,,high,low,6,name.com,,,
79f23cc4-64a4-4308-bc2a-8701113c2f4e,theirs.foo,available,16.99,,medium,low,6,name.com,,,
ad921069-dfc0-4901-b26d-89423785187c,bronx.foo,premium,76.7,76.7,high,low,5,namecheap,,,24/09/2026 10:43
17439e6f-8666-469f-ae40-0f878f20252b,valley.foo,premium,623.75,,high,low,6,name.com,,,
2eaa366c-d1ea-48fb-ab4a-f42cd59e79bc,badgering.foo,available,12.98,17.98,medium,low,9,namecheap,,,13/09/2026 13:19
d6b0c112-546c-4874-ad83-bf74ebbc5d40,norman.foo,premium,311.25,311.25,high,low,6,name.com,,,03/09/2026 21:18
a91e1257-0d27-4af1-b446-48045357b131,hurrying.foo,available,12.98,17.98,high,low,8,namecheap,,,21/08/2026 15:47
29512c7f-6689-4679-9584-279e5d63349d,cheap.foo,premium,323.7,323.7,high,low,5,namecheap,,,23/09/2026 11:03
96a2c304-37a8-4e5d-9cfc-3930a5ccb527,necessity.foo,available,12.98,17.98,high,low,9,namecheap,,,24/09/2026 15:20
52ed1331-e492-450f-8dec-e80a8de483ed,pianos.foo,available,12.98,17.98,medium,low,6,namecheap,,,20/09/2026 09:12
24891986-7a8b-4445-958b-dc3d586d005f,near.foo,premium,648.7,648.7,high,low,4,namecheap,,,23/09/2026 13:54
00660e1f-488c-4d15-b1c8-eacb9ad05835,interrupt.foo,available,16.99,18.99,high,low,9,name.com,,,13/08/2026 12:38
9966ac95-9695-4305-9a50-897d2c89cbb8,vicenary.foo,available,12.98,17.98,medium,low,8,namecheap,,,13/09/2026 05:21
55661621-f25e-49d9-8b9b-7699c575a31e,yall.foo,premium,36.25,,medium,low,4,name.com,,,
2d99ea6f-39b4-4246-9be3-beed3e333a28,submissive.foo,available,12.98,17.98,medium,low,10,namecheap,,,11/09/2026 00:25
570eb840-c358-44e5-91af-b713356c2cdb,elite.foo,premium,623.75,623.75,high,medium,5,name.com,,,24/09/2026 13:43
6b30c44f-c6f0-434e-a682-454f67ba5790,eighties.foo,available,16.99,18.99,high,low,8,name.com,,,16/09/2026 12:00
33862b03-125d-4661-a6d4-fd86c9a96092,cared.foo,available,12.98,17.98,medium,low,5,namecheap,,,25/09/2026 19:49
3daa60a8-029c-4ae0-b251-4a61f3cd45f9,charged.foo,available,12.98,17.98,high,low,7,namecheap,,,12/08/2026 02:31
fa4cfa80-b9bf-457d-85ea-20f8072c71b3,undefeated.foo,available,12.98,17.98,high,low,10,namecheap,,,12/09/2026 07:12
5f0267e3-9d6d-4f50-a345-1059dce5ec63,grind.foo,premium,76.7,76.7,high,low,5,namecheap,,,08/09/2026 21:20
eb82c912-cbe1-4b95-94fb-9335529dbff1,bore.foo,premium,37.7,37.7,high,low,4,namecheap,,,24/09/2026 12:50
f4d5f9e6-e816-44dd-ace6-7683a67f8ec5,deserted.foo,available,12.98,17.98,high,low,8,namecheap,,,
3190fd82-e27c-4e9c-8f9b-d49f1f2e21c7,thalassic.foo,available,12.98,17.98,medium,low,9,namecheap,,,11/09/2026 12:22
a55f5337-0bf0-4fe6-a3b8-09c4e9f890c0,checkbook.foo,available,12.98,17.98,high,low,9,namecheap,,,24/09/2026 13:57
f34b8d11-60e9-44d7-841a-813894fd9d5a,window.foo,premium,161.25,,high,low,6,name.com,,,
67b10b08-c7d8-44e2-a5ae-3200a1ea58d5,unaware.foo,available,12.98,17.98,medium,low,7,namecheap,,,22/08/2026 01:38
e161dc95-21e1-48ab-8dbd-ff3cb1558047,mangonel.foo,available,12.98,17.98,medium,low,8,namecheap,,,20/09/2026 00:37
f2583d98-ae19-4b61-8715-f1203de705d1,superhuman.foo,available,12.98,17.98,high,low,10,namecheap,,,11/09/2026 02:16
d4110b17-78c0-48f0-a234-668dcc24b281,amort.foo,available,12.98,17.98,medium,low,5,namecheap,,,
5f00ce01-efc0-4db8-aa45-c1da84b56d62,abls.foo,available,12.98,17.98,medium,low,4,namecheap,,,16/09/2026 16:13
60aa8faf-b622-43eb-a28e-dbf957bb0668,bile.foo,available,12.98,17.98,medium,low,4,namecheap,,,23/09/2026 15:41
417027b4-713a-4566-a5d3-f991cbf77a9d,invariably.foo,available,16.99,,high,low,10,name.com,,,
f592883d-64df-4d05-a01c-6b0d1b62720c,pope.foo,premium,36.25,,high,low,4,name.com,,,
53769a7e-1d1c-46cb-9329-85d965d1e926,carved.foo,premium,36.25,36.25,high,low,6,name.com,,,11/08/2026 19:57
4f256d35-8435-4809-bcf5-e098a53465be,bob.foo,premium,648.7,648.7,high,medium,3,namecheap,,,22/09/2026 23:31
7ea248c8-eafa-4b1b-b1f1-f6c0926b3f12,speckled.foo,available,12.98,17.98,medium,low,8,namecheap,,,14/08/2026 16:34
c2256602-74ce-4838-b1e8-5df2b60b0ecb,bistro.foo,premium,161.25,161.25,high,low,6,name.com,,,23/09/2026 22:13
53b2c050-83c5-4fe6-855a-0601b6fee6ed,judicious.foo,available,12.98,17.98,high,low,9,namecheap,,,21/08/2026 02:00
bc5b99f3-259a-4272-8817-caeeeebb6cbb,reality.foo,available,,,high,low,7,,,,26/09/2026 00:09
78e554e9-faa7-406f-82ce-ee2713d8a5c7,avogadro.foo,available,12.98,17.98,medium,low,8,namecheap,,,18/09/2026 17:51
65be4771-b6af-4b68-958c-152ed49802fe,programme.foo,premium,73.75,73.75,high,low,9,name.com,,,24/09/2026 16:59
84839714-40f2-4061-b1d8-d222460b4047,bankia.foo,available,12.98,17.98,medium,low,6,namecheap,,,22/09/2026 02:48
c881dfb6-5f81-4ca7-82d9-a15486f91951,fran.foo,premium,36.25,,high,low,4,name.com,,,
65453dca-0eb7-4462-a620-c3563f827fba,extend.foo,premium,311.25,,high,low,6,name.com,,,
634235be-46c9-4480-bc8a-157c65991bfc,somebody.foo,premium,37.7,37.7,high,low,8,namecheap,,,25/09/2026 17:05
593b92f5-4cdc-41af-8a7b-af62514e92f1,compound.foo,premium,76.7,76.7,high,low,8,namecheap,,,23/09/2026 17:56
b5968a38-da7d-4aa5-b99a-b772a1f0a2d0,yon.foo,premium,76.7,76.7,medium,low,3,namecheap,,,13/09/2026 14:47
3ecb4be3-2f6f-4f81-9a69-4f83245831ab,nobility.foo,available,12.98,17.98,high,low,8,namecheap,,,20/09/2026 05:50
9c3e19ed-6dfb-4da8-ac8f-2b27a3ac2829,pettily.foo,available,12.98,17.98,low,low,7,namecheap,,,15/09/2026 19:44
f1df736b-0217-4e35-b477-1ebc3e12a313,savvy.foo,premium,37.7,37.7,high,low,5,namecheap,,,12/09/2026 07:40
ef56a1c0-975d-46f4-8807-5ac8f585f309,akhbari.foo,available,12.98,17.98,medium,low,7,namecheap,,,17/09/2026 23:56
897dc488-8822-43ab-8b0f-037baebf35b3,candidate.foo,premium,161.25,,high,low,9,name.com,,,
1bf4bf1e-5a54-4fa6-b7da-9820d5177058,uncontrollable.foo,available,16.99,,medium,low,14,name.com,,,
938cccc2-f2c3-4682-9303-7683db4792ce,worldling.foo,available,12.98,17.98,medium,low,9,namecheap,,,11/09/2026 10:47
ebcf87cc-71b2-454f-8199-936d092df4aa,heathen.foo,available,12.98,17.98,high,low,7,namecheap,,,18/08/2026 21:55
763e1197-d2d5-4003-bcf9-32b8610a7377,copperhead.foo,available,12.98,17.98,medium,low,10,namecheap,,,17/09/2026 18:16
2cde5396-3d13-4125-b18f-2ae59f8aefc0,broadleaf.foo,available,12.98,17.98,high,low,9,namecheap,,,11/08/2026 04:57
c573be96-05ab-4ab5-b950-2735192b6d6e,federate.foo,available,12.98,17.98,high,low,8,namecheap,,,18/08/2026 00:36
9f3fcab1-28bf-4211-a0b8-067acc9ca74f,pall.foo,available,12.98,17.98,medium,low,4,namecheap,,,22/08/2026 11:56
b27ad124-6b13-436b-b6f8-2f046aff2fb6,social.foo,premium,1298.7,1298.7,high,medium,6,namecheap,,,19/09/2026 17:20
a8fcba31-b089-4f32-ad2f-d65c74284b49,analyzed.foo,available,12.98,17.98,medium,low,8,namecheap,,,
25debff2-7de5-4521-b622-7365d5ec2a00,agrestic.foo,available,12.98,17.98,medium,low,8,namecheap,,,
a5327de0-76af-439a-8b0f-04ab6a7a4c54,password.foo,premium,76.7,76.7,high,low,8,namecheap,,,24/09/2026 18:40
df8412c4-e386-4994-a678-3c5d334d7c80,calmly.foo,available,12.98,17.98,high,low,6,namecheap,,,14/09/2026 05:04
ee1a2b01-98dd-441f-8b9c-02ce4c38f82c,demonstrated.foo,available,12.98,17.98,high,low,12,namecheap,,,17/09/2026 21:56
d05d99cc-f236-4082-9771-971336fa6d98,arborvitae.foo,available,12.98,17.98,medium,low,10,namecheap,,,20/09/2026 00:54
ca8ba78c-c016-49dd-b252-51597edf35cf,inverse.foo,premium,76.7,76.7,high,low,7,namecheap,,,25/09/2026 11:05
c512d556-c4ff-4a88-a209-9c6af22ad59d,mod.foo,premium,623.75,623.75,high,low,3,name.com,,,25/08/2026 02:27
12220c37-cb3f-4332-8140-41996ec7e2a4,ecru.foo,available,12.98,17.98,medium,low,4,namecheap,,,09/08/2026 12:26
8ad3284e-d8b9-4b3e-8d38-80b8814f938b,untrusty.foo,available,12.98,17.98,medium,low,8,namecheap,,,12/09/2026 21:46
8a68fec1-139c-47d6-a5ab-2d006537f7e1,bishkek.foo,available,12.98,17.98,medium,low,7,namecheap,,,23/09/2026 21:43
91a8f552-9a16-4996-875c-3ebc0933ed18,calculates.foo,available,12.98,17.98,medium,low,10,namecheap,,,21/09/2026 10:23
a5ad8365-4151-40e9-82c3-4b403532e263,totally.foo,premium,167.7,167.7,high,low,7,namecheap,,,22/09/2026 00:22
7c0312a5-90b7-4698-9754-b4866f981c84,savagely.foo,available,12.98,17.98,medium,low,8,namecheap,,,14/09/2026 01:43
79b091c4-0a7d-45d9-986a-ccad51a7ec19,moving.foo,premium,323.7,323.7,high,low,6,namecheap,,,25/09/2026 22:01
b62524bb-09e6-4575-ae94-081e2d7ea56e,hanging.foo,premium,76.7,76.7,high,low,7,namecheap,,,25/09/2026 04:41
870fc32e-e880-40d3-804a-73f54febdd82,unsolved.foo,available,12.98,17.98,medium,low,8,namecheap,,,12/09/2026 18:23
9def2e04-42b2-4955-8e64-117c7eb09056,discipline.foo,premium,37.7,37.7,high,low,10,namecheap,,,19/09/2026 11:34
23a98c29-eecc-437b-b02d-1aafddcc121c,kids.foo,premium,1298.7,1298.7,high,low,4,namecheap,,,25/09/2026 20:52
1ecb63e2-85ec-4b2f-8959-871ac1b07877,sylvan.foo,premium,37.7,37.7,high,medium,6,namecheap,,,10/09/2026 08:11
0443dce2-b756-4748-a0c2-9e9f9bf00e9a,armoury.foo,available,12.98,17.98,medium,low,7,namecheap,,,20/09/2026 07:33
d32767f7-9827-4a8d-9865-1fa3d96c30ea,playfully.foo,available,12.98,17.98,high,low,9,namecheap,,,15/09/2026 20:25
012bf0ad-3eb5-4ca8-a1cb-6da4fcf5ca99,syncope.foo,available,12.98,17.98,medium,low,7,namecheap,,,17/08/2026 21:05
8aa451cf-62bd-431a-a875-b05972fb2832,diminishing.foo,available,16.99,,high,low,11,name.com,,,
676cad7b-ba7d-4c86-93ff-423bd0405765,answered.foo,premium,37.7,37.7,high,low,8,namecheap,,,25/09/2026 16:54
232588b9-ce09-4cd2-a219-869d741c6cdc,objects.foo,premium,161.25,,medium,low,7,name.com,,,
9ef384f3-1cdf-4f9f-a3a6-7fff4436dfb0,inwardly.foo,available,12.98,17.98,medium,low,8,namecheap,,,15/09/2026 09:18
a1b9d603-4635-4e58-abfc-5855ca1cb76f,eminently.foo,available,12.98,17.98,medium,low,9,namecheap,,,14/09/2026 15:19
2c7667d9-c4be-48a6-9050-679da74908b5,unevenly.foo,available,12.98,17.98,medium,low,8,namecheap,,,15/09/2026 22:30
608a90fa-43dc-48fe-9703-d01ab8ea063b,picnic.foo,premium,76.7,76.7,high,low,6,namecheap,,,24/09/2026 14:34
f546793c-7e4c-44a1-9662-0feebab1d2e4,slide.foo,premium,311.25,,high,low,5,name.com,,,
12157114-f188-47fa-927e-b3af4b85e1e2,befitting.foo,available,12.98,17.98,medium,low,9,namecheap,,,09/08/2026 08:38
7461239d-60ab-4d3d-97f0-26034bd6e4f1,atriplex.foo,available,16.99,18.99,medium,low,8,name.com,,,21/09/2026 00:45
d453f985-ae3a-4b60-9d6b-bb4a3b2a476c,exhibit.foo,premium,73.75,,high,low,7,name.com,,,
7c0457d0-232b-4a23-8641-d2317fa956f8,hecht.foo,premium,37.7,37.7,high,low,5,namecheap,,,23/09/2026 07:20
ee84f155-fccd-4e4b-adc2-ae6de85cba9c,ditto.foo,premium,37.7,37.7,high,low,5,namecheap,,,24/09/2026 23:16
6e0a543f-4f2c-47e3-9891-6d25bbcbbdaa,bother.foo,available,12.98,17.98,medium,low,6,namecheap,,,24/09/2026 07:29
f109dc36-04d8-4d4a-8844-f00b52e3678f,moderato.foo,available,12.98,17.98,medium,low,8,namecheap,,,25/08/2026 02:58
469c6cfe-1254-44a8-9d6f-4534e19f2eac,aggregated.foo,available,12.98,17.98,high,low,10,namecheap,,,
7b77ac35-f6d0-4b2f-9221-d5d8319dc8c0,tues.foo,available,16.99,,high,low,4,name.com,,,
8c73d139-5401-479a-8fff-4fa9f9b9304f,alluvial.foo,available,12.98,17.98,high,low,8,namecheap,,,
d91f1bc0-c96e-45f4-a50f-d2348984e52c,navel.foo,premium,37.7,37.7,high,low,5,namecheap,,,23/09/2026 06:35
a30c0541-3ea6-4c49-aac8-1e8d08526002,implicitly.foo,available,12.98,17.98,medium,low,10,namecheap,,,15/09/2026 02:29
f19e5c24-c9fe-4937-952c-58bf1a41eb02,sophisticated.foo,premium,36.25,,high,low,13,name.com,,,
460a7329-1865-4653-b566-8a4962429aa7,oldish.foo,available,12.98,17.98,medium,low,6,namecheap,,,04/09/2026 02:04
4a56d3ca-b7bf-4065-9a30-add88d2c8de0,unmapped.foo,available,12.98,17.98,medium,low,8,namecheap,,,12/08/2026 02:55
1cd758dd-344c-4df5-a0ac-07400999415b,senefelder.foo,available,12.98,17.98,medium,low,10,namecheap,,,18/09/2026 13:11
63a23d3a-0348-47bf-8c51-db889ce3e00e,outline.foo,premium,167.7,167.7,high,low,7,namecheap,,,24/09/2026 23:45
653c1b79-1988-4114-bd68-569a57e1947d,cheapjack.foo,available,12.98,17.98,medium,low,9,namecheap,,,12/08/2026 03:25
80b60fcf-4ab7-49f3-a74d-75a86458b63e,worst.foo,premium,161.25,,medium,low,5,name.com,,,
836634a0-9989-4b70-8468-d8f48214eeca,dracula.foo,premium,36.25,,high,low,7,name.com,,,
a8aa8030-c5f3-44d8-91bb-f662cd5a07e5,rutty.foo,available,12.98,17.98,medium,low,5,namecheap,,,09/09/2026 20:24
3be0af12-1280-4361-b142-87f29e0c9dc8,yum.foo,premium,161.25,,high,low,3,name.com,,,
a0e3df47-0807-4239-b39f-2e9c60ab5981,lawyers.foo,premium,167.7,167.7,medium,low,7,namecheap,,,25/09/2026 20:58
f93bbf97-2d0d-40f5-b257-a7a91ca0af52,bandstand.foo,available,12.98,17.98,high,low,9,namecheap,,,22/09/2026 01:32
6503d6dd-5650-4696-8926-8639cc9bf1ca,neuroscience.foo,available,12.98,17.98,high,low,12,namecheap,,,24/09/2026 07:20
7a304055-0c87-4f73-9e03-4cda66eb976e,agdistis.foo,available,12.98,17.98,medium,low,8,namecheap,,,17/09/2026 16:43
5198e8c1-0f8a-4be6-9b09-b37b46e9440a,hades.foo,premium,37.7,37.7,high,low,5,namecheap,,,17/09/2026 20:48
57852f92-7b3a-4d4a-980b-5b687f05a204,learns.foo,available,12.98,17.98,medium,low,6,namecheap,,,20/09/2026 05:46
81fc8a35-08f0-41ef-9201-a36b1f45bdcb,relative.foo,premium,73.75,73.75,high,low,8,name.com,,,12/08/2026 21:33
3968308b-5242-44ae-b2a5-3f635574f0b7,eudaemonia.foo,available,12.98,17.98,high,low,10,namecheap,,,12/09/2026 22:59
3605bef7-9bf2-4a70-b90d-9323b7f17ad6,endow.foo,available,12.98,17.98,high,low,5,namecheap,,,24/09/2026 23:37
7abae5d9-bb49-48dc-aa6b-8bd468106473,comfortable.foo,premium,36.25,36.25,high,low,11,name.com,,,26/09/2026 00:46
33ff9abd-4ffb-4728-a8d7-54806752e2d9,clifford.foo,available,12.98,17.98,high,low,8,namecheap,,,25/09/2026 14:06
a7df2455-d7a1-448c-bbca-e1424acf572d,khakis.foo,available,16.99,,high,low,6,name.com,,,
2783ea34-b9de-4446-b2a7-125f0eb585cc,honor.foo,premium,323.7,323.7,high,low,5,namecheap,,,23/09/2026 22:47
74cfc6db-e1b1-439d-b165-49f91e9869c5,beth.foo,premium,76.7,76.7,medium,low,4,namecheap,,,23/09/2026 11:12
c1e7f880-05c2-42c3-82db-e476c111fc58,blither.foo,available,12.98,17.98,medium,low,7,namecheap,,,24/09/2026 04:54
cb5312da-4ae6-4225-aaa0-2152a15b1719,blaring.foo,available,12.98,17.98,medium,low,7,namecheap,,,10/08/2026 13:08
f38e6f4d-08c3-4708-8a13-f2b0003748b1,transitions.foo,available,16.99,,high,low,11,name.com,,,
4392f5ae-11ba-4a35-a762-cb3561f1b6aa,four.foo,premium,323.7,323.7,high,low,4,namecheap,,,21/09/2026 13:11
e17ae9d3-2797-4e1a-b563-153f26658118,springtime.foo,available,12.98,17.98,high,low,11,namecheap,,,25/09/2026 14:17
af034896-794e-4956-9fca-be2d30dd810c,bourgeois.foo,available,12.98,17.98,high,medium,9,namecheap,,,10/08/2026 22:45
c17135bf-27d8-40e2-9493-2bc68751b2cc,lumpy.foo,available,12.98,17.98,medium,low,5,namecheap,,,12/08/2026 07:46
3363581c-c3cf-4367-89fa-bb88c86ec46f,inertial.foo,available,12.98,17.98,medium,low,8,namecheap,,,22/08/2026 03:59
d64c8b4e-6747-48d5-acd9-1b4bde2a4a85,humorous.foo,available,12.98,17.98,high,low,8,namecheap,,,25/09/2026 06:35
fe811fbf-4763-4ac5-b4f1-3d06a4668691,catalan.foo,available,12.98,17.98,high,low,7,namecheap,,,11/08/2026 20:50
341e4bbd-697f-4803-b716-a3018748cba1,deepening.foo,available,12.98,17.98,high,low,9,namecheap,,,13/08/2026 23:00
7fc551a9-77e6-495e-9150-0cb144cdbb6f,addresses.foo,premium,36.25,,high,low,9,name.com,,,
24e1e49f-3b3e-4a99-80f3-35f62cd35d86,snowballs.foo,available,12.98,17.98,medium,low,9,namecheap,,,19/09/2026 21:49
07bcb361-3af9-4194-a448-d05dcdbcbf91,chorale.foo,available,12.98,17.98,high,low,7,namecheap,,,12/08/2026 07:04
6bb4e422-0106-4c67-ab4c-cc61a1efdcee,achillea.foo,available,12.98,17.98,medium,low,8,namecheap,,,17/09/2026 00:35
0c9f6891-d8d5-4b69-a265-8d70cca6bd4a,seeming.foo,available,16.99,,high,low,7,name.com,,,
5b4e19e7-3d02-46c9-a53a-b518daa17810,mammal.foo,available,12.98,17.98,high,low,6,namecheap,,,24/08/2026 14:21
408a6b44-a27f-4ea7-9773-6da0f56a84c7,confetti.foo,premium,73.75,,high,low,8,name.com,,,
150c1a62-b540-47df-ba05-5794b975db81,unearned.foo,available,12.98,17.98,medium,low,8,namecheap,,,12/09/2026 08:43
f2b29562-eb65-4c0a-a02f-4ccc481daaeb,celsius.foo,premium,37.7,37.7,high,low,7,namecheap,,,19/09/2026 04:00
cafc5d15-c75b-4457-8a53-ffdc650b1e90,brut.foo,available,12.98,17.98,medium,low,4,namecheap,,,11/08/2026 07:07
67ed4d6a-ad1c-4a86-a6dd-ed2ab141e676,bivalvia.foo,available,12.98,17.98,medium,low,8,namecheap,,,23/09/2026 23:16
a7c6ed14-ece9-4f85-b941-bf9afa187fcd,positions.foo,available,12.98,17.98,medium,low,9,namecheap,,,19/09/2026 00:35
d907178a-279a-47ae-8f13-725d4a6501f5,cosmologic.foo,available,12.98,17.98,medium,low,10,namecheap,,,13/08/2026 02:56
fd1c548f-a30d-4f65-9a43-32c2504cc510,airy.foo,premium,36.25,36.25,high,low,4,name.com,,,
3daf448a-13be-4945-aaae-188103fa3b39,monetary.foo,premium,37.7,37.7,high,low,8,namecheap,,,25/09/2026 21:29
8161a496-2756-4519-9e02-8de58dc33c8f,clxv.foo,available,12.98,17.98,medium,low,4,namecheap,,,
cb98bf96-410d-42c9-97f7-bcac75afc4f8,extremity.foo,available,12.98,17.98,high,low,9,namecheap,,,19/09/2026 20:32
8aed6047-2110-4701-b37d-acfeb2daa9cb,sapphic.foo,available,12.98,17.98,high,low,7,namecheap,,,23/08/2026 00:18
27ae525b-10c1-467c-977c-85e2ff8deea7,baker.foo,premium,167.7,167.7,high,low,5,namecheap,,,21/09/2026 20:17
3a8feab5-1710-4bd2-83ea-062c0054c2e3,requires.foo,premium,37.7,37.7,medium,low,8,namecheap,,,18/09/2026 15:31
dbf89595-a2aa-451c-826f-62ffb1896881,coplanar.foo,available,12.98,17.98,medium,low,8,namecheap,,,13/08/2026 00:32
8756064c-9e45-4de7-836e-c5f1942b675b,adolescent.foo,available,12.98,17.98,high,low,10,namecheap,,,21/09/2026 19:03
c662555b-1358-452e-8969-0f5626411803,mad.foo,premium,648.7,648.7,high,medium,3,namecheap,,,23/09/2026 02:06
377c7ca2-5453-40f6-9312-bde39391ffd7,optimal.foo,premium,323.7,323.7,high,low,7,namecheap,,,04/09/2026 17:01
848632f7-756d-4601-87f5-619117af6b27,placoid.foo,available,12.98,17.98,high,medium,7,namecheap,,,08/09/2026 20:16
65f49466-9b30-4c70-90fc-e93ac758aeea,guinness.foo,available,12.98,17.98,high,low,8,namecheap,,,18/09/2026 04:41
b583d2fd-c715-472f-95e7-499129def0f8,gaussian.foo,available,12.98,17.98,high,low,8,namecheap,,,18/08/2026 20:52
b30ac38b-4c7d-4af5-bd1f-60df6ba6b5d3,historical.foo,premium,76.7,76.7,high,low,10,namecheap,,,24/09/2026 10:25
a1294f8c-1c2f-4ae4-8cbb-6cc059849996,singing.foo,premium,161.25,161.25,high,low,7,name.com,,,11/08/2026 17:40
4eb07d9a-e210-458e-8be9-69923e8c4bb9,authorial.foo,available,12.98,17.98,medium,low,9,namecheap,,,07/08/2026 16:19
d2469e73-1a53-4deb-9f27-ec16c6e77224,ametria.foo,available,12.98,17.98,medium,low,7,namecheap,,,18/09/2026 21:07
bf6617f5-cbcc-4a4d-bfba-2aeac0ca3ab1,biotic.foo,premium,36.25,36.25,high,low,6,name.com,,,10/08/2026 03:14
74b83bc2-dd40-4867-a0cc-b0115375b008,baldwin.foo,premium,76.7,76.7,high,low,7,namecheap,,,16/09/2026 12:19
8b3b8ccb-06e4-4857-b466-93a0c77e32a5,palestine.foo,available,,,high,high,9,,,,
111c41e6-8a11-4426-9deb-dd93a0fee301,accomplice.foo,available,12.98,17.98,high,low,10,namecheap,,,16/09/2026 22:50
eda75a37-b039-4242-90df-da5f33a5f25d,worry.foo,premium,36.25,,high,low,5,name.com,,,
cc0fdd7e-d8ab-4eb0-8340-90f29bda30e8,relocations.foo,available,12.98,17.98,medium,low,11,namecheap,,,21/09/2026 08:41
d82260fe-09ea-478e-b58d-bc0cd6900dc2,luxe.foo,premium,311.25,311.25,high,low,4,name.com,,,13/08/2026 19:13
2dc0c102-f2c1-4326-bde8-561bf5e5a890,mel.foo,premium,167.7,167.7,high,low,3,namecheap,,,25/09/2026 11:23
658b83da-08ae-4c15-94ff-dabf4e192e46,understood.foo,available,16.99,,high,low,10,name.com,,,
32cf9cb3-2c68-43e4-9293-9db3bf2dc32e,pill.foo,premium,161.25,,high,low,4,name.com,,,
10612973-fc25-4b43-87b1-9df3e4803568,standing.foo,premium,73.75,,high,low,8,name.com,,,
b182e227-2673-49db-affb-28b06e00fbe4,restrained.foo,available,12.98,17.98,high,low,10,namecheap,,,20/08/2026 20:43
15fb7127-4b2e-4489-aa6e-b83d756e222c,sinclair.foo,available,16.99,18.99,high,low,8,name.com,,,25/09/2026 04:16
678d00c0-981c-43cc-a7a5-d62993002cc8,nosed.foo,available,12.98,17.98,medium,low,5,namecheap,,,03/09/2026 21:45
7dc4438d-2e3a-4137-b303-a61728a61f01,rumor.foo,premium,36.25,36.25,high,low,5,name.com,,,21/08/2026 02:05
ff403b27-c05c-464b-b74e-419757c2788c,begonia.foo,available,12.98,17.98,high,low,7,namecheap,,,23/09/2026 02:28
f58eb4b3-41ff-4841-bf9b-1129ea3911a8,rape.foo,premium,37.7,37.7,high,low,4,namecheap,,,24/09/2026 08:17
4c897e90-b462-4320-9943-cab969c7bb86,aphotic.foo,available,12.98,17.98,medium,low,7,namecheap,,,05/08/2026 23:37
7c73e378-4004-4095-9d67-6001ced5fa04,travelled.foo,available,16.99,,high,low,9,name.com,,,
a1f66f87-5167-4f24-9357-8c90ea4ac8fa,bari.foo,premium,37.7,37.7,high,low,4,namecheap,,,22/09/2026 05:51
813eb044-cb04-439d-b8d4-6f68e2709c27,untanned.foo,available,12.98,17.98,medium,low,8,namecheap,,,12/09/2026 21:00
cd4e94c1-af43-4924-8cde-b11097b61588,cafeteria.foo,available,12.98,17.98,high,low,9,namecheap,,,24/09/2026 11:37
c950ff48-79c6-4ce8-bafd-880cb84d2582,laurie.foo,premium,37.7,37.7,high,low,6,namecheap,,,25/09/2026 17:15
8b60488e-5ba2-4cc1-b530-02f8bc4b5189,perishable.foo,available,12.98,17.98,high,low,10,namecheap,,,08/09/2026 17:18
eb3c2959-03e9-42f1-b5f0-02b0961df7ff,prior.foo,premium,161.25,,high,low,5,name.com,,,
7f7cc2af-4260-4ebc-9573-4aa2a5ca5f4c,utah.foo,premium,648.7,648.7,high,low,4,namecheap,,,23/09/2026 01:17
98712e5d-0550-4825-ae06-3019f695bd7c,adult.foo,premium,76.7,76.7,high,low,5,namecheap,,,21/09/2026 19:57
708f97ef-4e5c-4948-a798-70a68aba6224,encouraging.foo,available,16.99,,high,low,11,name.com,,,
f098072b-74b7-4112-8920-7a35e824f19b,birds.foo,premium,623.75,,high,low,5,name.com,,,
96de5fc7-dd55-46c4-91a6-c357b07880e0,furious.foo,premium,36.25,36.25,high,low,7,name.com,,,
03afd1c8-073d-4b10-b902-253c97218117,stockpile.foo,available,12.98,17.98,high,low,9,namecheap,,,10/09/2026 20:52
8ca899aa-ddea-4d8e-8a39-709c8cf22416,cresson.foo,available,12.98,17.98,medium,low,7,namecheap,,,13/08/2026 06:16
66ac42e5-8127-41af-8512-61ab0c9f7e55,morning.foo,premium,311.25,,high,low,7,name.com,,,
2ab82887-4a20-4497-b9d6-defb1e8e615c,choky.foo,available,12.98,17.98,medium,low,5,namecheap,,,12/08/2026 06:42
9f7424c9-b360-45be-9f3b-c3eb49e95a14,abject.foo,available,12.98,17.98,high,low,6,namecheap,,,
1e21112b-72b8-4b6d-844f-38f75d74e4b9,stainable.foo,available,12.98,17.98,low,low,9,namecheap,,,10/09/2026 18:12
b49d213f-b92b-438b-b519-c7fad44695b4,traded.foo,available,12.98,17.98,medium,low,6,namecheap,,,25/09/2026 20:44
68be885d-19e8-4ebd-9a2c-db8c20a7c8e0,fittest.foo,available,12.98,17.98,medium,low,7,namecheap,,,18/09/2026 04:12
2f8e8799-492d-4afe-97c7-e143cd8b6874,beekeeper.foo,available,12.98,17.98,high,low,9,namecheap,,,19/09/2026 17:19
fd9f4f68-2206-4835-a014-5b2f9a50e11b,ailment.foo,available,12.98,17.98,medium,low,7,namecheap,,,21/08/2026 18:47
856f209c-e715-421e-b8e0-0845f6d790b2,azactam.foo,available,12.98,17.98,medium,low,7,namecheap,,,21/09/2026 10:59
ec04856b-a102-4cc6-9117-b40039427489,augustus.foo,available,12.98,17.98,high,low,8,namecheap,,,21/09/2026 04:02
a47dcae0-0c36-4a28-9fdd-708a91139348,elias.foo,premium,73.75,,high,low,5,name.com,,,
1f592f77-6e5b-4d81-9c84-bd38dd274142,acropetal.foo,available,12.98,17.98,medium,low,9,namecheap,,,
77410c81-3f1c-4a30-b3e8-6a9671a613f2,hangbird.foo,available,12.98,17.98,medium,low,8,namecheap,,,22/09/2026 00:20
a777c95e-162e-4642-b8a8-2ad8cbca6baf,bro.foo,premium,311.25,,high,low,3,name.com,,,
3bd3b210-5278-47d0-9e4f-62dfede1199b,bulk.foo,premium,311.25,,high,low,4,name.com,,,
c9bc6ba8-5e5f-4cf5-89e8-52122833ce5d,wasting.foo,available,12.98,17.98,medium,low,7,namecheap,,,21/09/2026 00:58
afe6d43e-bbbb-4e8c-a357-dbcab86d43b4,stirred.foo,available,12.98,17.98,high,low,7,namecheap,,,25/08/2026 09:07
c9fe8e39-f5ad-4ef0-be51-99479e0df322,reversible.foo,available,16.99,,high,low,10,name.com,,,
534bea1c-13d8-4e47-8797-0543c34acef6,ages.foo,premium,161.25,,medium,low,4,name.com,,,
04158d1e-df96-48d6-b38f-8dc91fb14f62,lip.foo,premium,161.25,,high,low,3,name.com,,,
1cf099ad-e2ef-4766-88fc-6034ce48989f,fledgeling.foo,available,12.98,17.98,high,low,10,namecheap,,,18/08/2026 07:32
f5dbb3c8-be72-48dc-abf0-96906a4a55e2,matured.foo,available,12.98,17.98,high,low,7,namecheap,,,18/08/2026 17:58
4872b73d-01a4-4b3c-ae6f-07d1d4fbcc58,dislocated.foo,available,12.98,17.98,medium,low,10,namecheap,,,14/08/2026 11:31
6c213527-96cc-4586-ae61-199a95522506,china.foo,available,,,high,high,5,,,,
ddf1fbc7-038b-4750-886c-cd907c3a3359,rasp.foo,available,12.98,17.98,high,low,4,namecheap,,,19/09/2026 15:15
1fe8a93d-6767-49da-a42d-625a0c9dc6f9,seymour.foo,premium,37.7,37.7,high,low,7,namecheap,,,25/09/2026 07:56
7e7cbffe-cb0e-4405-862f-2f795c9b67de,algiers.foo,available,12.98,17.98,medium,low,7,namecheap,,,18/09/2026 06:59
7a3631b9-9879-4aba-915c-2e16cddb9f2c,bedevil.foo,available,12.98,17.98,medium,low,7,namecheap,,,14/08/2026 21:15
41ea3e47-d107-4b34-ad29-708665ba8763,spiritual.foo,premium,73.75,73.75,high,low,9,name.com,,,06/08/2026 05:42
4ba9dd9d-dba9-4834-bb34-df231d7b7959,oriental.foo,premium,76.7,76.7,high,low,8,namecheap,,,04/09/2026 17:51
ea5dad7a-a3d2-44d0-9153-f4a944985079,bow.foo,premium,167.7,167.7,high,low,3,namecheap,,,23/09/2026 01:50
6ad655e0-92dd-4a74-b53b-46983a98b91b,capsular.foo,available,12.98,17.98,medium,low,8,namecheap,,,08/09/2026 04:10
b1f44759-9113-40ea-9a5d-5a9a8428d2c8,overstatement.foo,available,16.99,,medium,low,13,name.com,,,
264696de-1bbc-4619-9f45-2cacb9bc038f,sunhat.foo,available,16.99,,high,low,6,name.com,,,
c1134552-6e0c-47ed-a3c7-a0db527adfaa,admonition.foo,available,16.99,18.99,medium,low,10,name.com,,,17/09/2026 09:03
d45615db-cd72-4af8-971b-0f0a1efc4c40,profiled.foo,available,12.98,17.98,medium,low,8,namecheap,,,21/09/2026 10:04
707a9d98-6cd9-477d-86a5-4e82c4caae7a,spidery.foo,available,12.98,17.98,medium,low,7,namecheap,,,06/08/2026 11:46
951aa2a7-a176-4e56-a82f-8caa268b1de7,coffee.foo,premium,623.75,,high,medium,6,name.com,,,
2b0a3d2e-2c1b-4c36-882d-c52723c0a61a,mordant.foo,available,12.98,17.98,high,low,7,namecheap,,,13/08/2026 02:11
a49631ca-76ce-4ba3-ad52-ed7d7f3f41f2,alnus.foo,available,12.98,17.98,medium,low,5,namecheap,,,18/09/2026 12:53
70272df6-7e55-46a3-8ea4-6b14a9753081,telepathic.foo,available,12.98,17.98,high,low,10,namecheap,,,11/09/2026 10:18
4f09e5db-9518-4eaa-8eeb-0a3a2af4e99a,pepsi.foo,available,16.99,,high,low,5,name.com,,,
9d7d5ff8-2fbf-4206-8e8c-a455d23456d3,recognised.foo,available,12.98,17.98,high,low,10,namecheap,,,21/09/2026 15:30
09c2ee06-8815-497e-b30a-4508543ca910,varying.foo,available,12.98,17.98,high,low,7,namecheap,,,13/09/2026 01:31
1be56538-49a0-4b71-b9f8-884f0721497b,tenting.foo,available,12.98,17.98,high,low,7,namecheap,,,23/09/2026 23:16
1d97c8dd-4c12-4ba7-a3e5-2443714d48eb,intelligent.foo,premium,73.75,,high,low,11,name.com,,,
bef8a128-5ef0-4f7f-b185-c532f02882b2,vhs.foo,premium,76.7,76.7,high,low,3,namecheap,,,16/09/2026 06:26
db23e958-af5f-4ab2-8acd-553221295599,ovine.foo,available,12.98,17.98,medium,low,5,namecheap,,,04/09/2026 22:07
d250a3fb-3902-445d-b168-e25f65a1f4c6,remedy.foo,premium,161.25,161.25,high,low,6,name.com,,,13/08/2026 11:01
9c52bd02-f359-4753-bcc3-05e830843b29,ballplayer.foo,available,12.98,17.98,high,low,11,namecheap,,,21/09/2026 23:25
f1da3ea8-4bdd-4b9a-b58f-754768765a46,gallery.foo,premium,323.7,323.7,high,low,7,namecheap,,,20/09/2026 09:55
7669d714-4269-448c-99d7-8d076fae92b7,clown.foo,premium,167.7,167.7,high,low,5,namecheap,,,22/09/2026 06:35
ec9c3ff0-3019-4c11-b415-17474bd93dca,objectives.foo,available,12.98,17.98,medium,low,10,namecheap,,,17/09/2026 15:43
51c7d5a2-7a39-4ef2-9770-0298a9869cfc,thompson.foo,premium,167.7,167.7,high,low,8,namecheap,,,23/09/2026 08:26
88623aa5-cc1e-4313-a443-0be8d441e5e7,delivered.foo,premium,76.7,76.7,medium,low,9,namecheap,,,25/09/2026 18:04
f1570ed5-c96b-4819-869a-ce1067c1b73b,trackable.foo,available,12.98,17.98,high,low,9,namecheap,,,11/09/2026 18:37
ac4cb39f-493a-4a88-8075-06fe281de546,trophy.foo,premium,161.25,,high,low,6,name.com,,,
e34d125d-4038-400b-bc63-95657645856a,gardner.foo,premium,76.7,76.7,high,low,7,namecheap,,,25/09/2026 05:38
bfb13fc5-ded3-4a91-bdfc-8555fb94ae60,disappointment.foo,available,16.99,,medium,low,14,name.com,,,
6c68b7bb-6728-4436-848f-d73857794797,peckish.foo,available,12.98,17.98,medium,low,7,namecheap,,,22/08/2026 10:23
2aaefaa9-eb9b-42cc-9c26-e5297b2d3de8,sevenup.foo,available,16.99,,high,low,8,name.com,,,
7907ecdb-c1d7-45c9-ae6d-ad1133c4aee3,poison.foo,premium,76.7,76.7,high,low,6,namecheap,,,11/09/2026 18:25
d59c7263-8a1c-4e43-93a6-bf9ab9c02682,nail.foo,premium,323.7,323.7,high,low,4,namecheap,,,21/09/2026 16:04
13d92afa-3fe9-4b07-8d45-adcc62590474,slit.foo,premium,37.7,37.7,high,medium,4,namecheap,,,09/09/2026 06:39
31e7f60f-268c-4127-9972-46012b37bf1c,comte.foo,available,12.98,17.98,high,low,5,namecheap,,,21/09/2026 03:56
4cc77e19-28ad-4762-919a-93960e14127f,standardize.foo,available,16.99,,high,low,11,name.com,,,
8f7f6975-f023-4644-a48b-cb9d6cb55b3a,surgeon.foo,premium,76.7,76.7,high,low,7,namecheap,,,25/09/2026 23:55
404819c6-b116-46af-ad09-cbfd8600ebb0,shakable.foo,available,12.98,17.98,medium,low,8,namecheap,,,10/09/2026 05:32
62940887-25ce-4f20-bebf-9c9f7d6723ea,capricious.foo,available,12.98,17.98,high,low,10,namecheap,,,11/08/2026 18:04
1c934f1f-acd1-45fd-a474-a7297a6b17ea,keenly.foo,available,12.98,17.98,high,low,6,namecheap,,,15/09/2026 10:20
9480ca4c-8ed3-4da4-b24e-d59a79012d44,quizzes.foo,premium,37.7,37.7,medium,low,7,namecheap,,,18/09/2026 17:07
47b53e11-e45f-4d5e-bdee-3adece376e31,void.foo,premium,167.7,167.7,high,medium,4,namecheap,,,25/09/2026 23:24
90305285-b8b1-4967-8d5b-04f9494c7066,sordid.foo,available,12.98,17.98,medium,low,6,namecheap,,,10/09/2026 14:29
7fc8f7d6-6e01-4529-8979-5e5962ff0f86,nonsmoking.foo,available,12.98,17.98,high,low,11,namecheap,,,16/09/2026 20:03
5745bbd4-ebb4-430f-b82c-94e67af3ddec,watchful.foo,available,12.98,17.98,high,low,8,namecheap,,,
3e1ff788-1db4-40e6-873f-825332c15746,ten.foo,premium,648.7,648.7,high,low,3,namecheap,,,21/09/2026 10:51
61ad8b38-7637-48fc-b86c-a6cf68283c01,etiolate.foo,available,12.98,17.98,medium,low,8,namecheap,,,17/08/2026 13:53
bed362ca-16fc-41c9-a6de-4ac9de7ed4a2,almanac.foo,available,12.98,17.98,high,low,7,namecheap,,,18/09/2026 12:28
076e9e7a-9642-4ae7-9c4a-11a7cdc4ecb1,circle.foo,premium,623.75,,high,medium,6,name.com,,,
41855e34-98e7-4eb0-8624-e658724e5fb2,jolted.foo,available,12.98,17.98,medium,low,6,namecheap,,,22/08/2026 13:55
ead713f3-b1d3-47a0-8adb-8a1d9f5048f2,permission.foo,premium,37.7,37.7,high,low,10,namecheap,,,25/09/2026 09:53
abbce392-7d69-4d44-95e4-a9256aee7eab,contented.foo,available,12.98,17.98,high,low,9,namecheap,,,23/09/2026 21:58
ddfd0691-1b1c-4f15-92d3-2c039317a60a,exercise.foo,premium,167.7,167.7,high,low,8,namecheap,,,19/09/2026 09:45
a24bb362-bdae-4bb4-899b-e0a08057d7df,rummy.foo,available,12.98,17.98,high,low,5,namecheap,,,13/08/2026 11:16
0907adc7-7ea1-424b-8183-f806f91c8fb2,presently.foo,available,16.99,,high,low,9,name.com,,,
128a5cff-e248-4fcd-9928-0eec50b41bfd,ashe.foo,premium,37.7,37.7,high,low,4,namecheap,,,20/09/2026 10:46
7115b560-90d1-401c-909c-d2279d3a0c15,connate.foo,available,12.98,17.98,medium,low,7,namecheap,,,12/08/2026 15:46
e1cbb91c-7f1a-436a-8de6-52b562442845,concerned.foo,premium,37.7,37.7,high,low,9,namecheap,,,23/09/2026 18:58
d5c648ba-f02f-4e6e-b70d-d14ebbfa0725,crust.foo,premium,37.7,37.7,high,low,5,namecheap,,,24/09/2026 14:05
aa609010-b5a8-46cf-a8cc-34f53c9afbda,noel.foo,premium,323.7,323.7,high,low,4,namecheap,,,24/09/2026 14:54
77629769-1918-4fc1-a263-9c553f29e2fc,hydraulic.foo,available,12.98,17.98,high,low,9,namecheap,,,21/08/2026 16:17
86650786-2b41-4295-b9aa-2ca951680394,avail.foo,premium,37.7,37.7,high,low,5,namecheap,,,21/09/2026 08:37
9dfb6fa9-878c-47f2-a268-fa820f0113f7,transfer.foo,premium,167.7,167.7,high,low,8,namecheap,,,19/09/2026 03:42
c7a4daed-845a-4e33-b454-10a7177cdba2,coveted.foo,available,12.98,17.98,high,low,7,namecheap,,,24/09/2026 00:56
c079b0a7-0e7f-407e-b860-13bc3247567b,shrugs.foo,available,12.98,17.98,medium,low,6,namecheap,,,20/09/2026 12:14
6326662b-c083-4923-a091-890f421d2655,detox.foo,premium,161.25,,high,low,5,name.com,,,
5e0c54bb-3294-4490-a353-8d08a90aeaae,stein.foo,premium,76.7,76.7,high,low,5,namecheap,,,23/09/2026 01:47
a36861fd-7403-4e93-9202-ad56c1c2ab95,bifacial.foo,available,12.98,17.98,medium,low,8,namecheap,,,09/08/2026 19:57
9e2a479b-69ec-49ac-8010-838ff7929d83,sara.foo,premium,648.7,648.7,high,low,4,namecheap,,,25/09/2026 21:30
64e0adb6-29eb-43ee-a746-a77bb36ec74d,eyewitness.foo,available,16.99,,high,low,10,name.com,,,
0abcd5b3-4267-426b-8894-638f77b75b06,preset.foo,available,12.98,17.98,high,medium,6,namecheap,,,09/09/2026 01:24
ab88baa9-c6a5-40fb-98fc-88db4cd03b26,roaring.foo,available,12.98,17.98,high,low,7,namecheap,,,10/08/2026 19:21
437653bf-0d4c-4074-809e-fb299435e6a6,malamute.foo,available,12.98,17.98,high,low,8,namecheap,,,18/09/2026 02:06
e7c1385b-da35-454f-bf25-ff18449600bb,hadean.foo,available,12.98,17.98,medium,low,6,namecheap,,,20/08/2026 21:32
2bd8e084-2bf7-428b-9de3-725c42e8051c,inspirational.foo,premium,36.25,,high,low,13,name.com,,,
4a45856e-bac3-4c55-ab02-90a00d2118b4,astarte.foo,available,12.98,17.98,medium,low,7,namecheap,,,20/09/2026 14:01
712485a5-57cf-422f-abca-85d2a49c8fde,wanton.foo,available,12.98,17.98,medium,low,6,namecheap,,,25/08/2026 07:57
d7fc3dec-5289-4cc9-b9f8-e530e2004c40,mesmerised.foo,available,12.98,17.98,medium,low,10,namecheap,,,17/08/2026 22:52
febf5747-f5b1-4085-bd1e-d77fb2090de3,vengeful.foo,available,16.99,,medium,low,8,name.com,,,
b5cd62ef-62bf-4eea-92a6-c7d1309f8052,ballpark.foo,available,12.98,17.98,high,low,8,namecheap,,,19/09/2026 22:25
00622e5f-5022-4b28-9adb-4539a32c41ac,caitiff.foo,available,12.98,17.98,low,low,7,namecheap,,,11/08/2026 13:26
03070040-19d0-4c13-a489-46f75897786a,intertidal.foo,available,12.98,17.98,high,low,10,namecheap,,,22/08/2026 08:21
5d062b9c-42ed-43c1-80fd-4f2011355ac2,bunny.foo,premium,311.25,,high,low,5,name.com,,,
ef748510-dfea-4db3-8260-c3e4ca93c34f,laughing.foo,premium,76.7,76.7,high,low,8,namecheap,,,25/09/2026 16:41
d9ee0659-7f7a-4ed7-9ecd-506d51538118,thundering.foo,available,12.98,17.98,high,low,10,namecheap,,,11/09/2026 15:14
1cfb09df-e3be-4fa1-ae64-0f03190d4f9a,tubular.foo,available,12.98,17.98,high,low,7,namecheap,,,11/08/2026 17:14
0cd94c70-372b-4b0b-bd12-26187d3c7cfc,update.foo,premium,161.25,,high,low,7,name.com,,,
d2912bab-613a-4f82-8d20-fdf69c243940,graven.foo,available,12.98,17.98,medium,low,6,namecheap,,,17/08/2026 07:43
7c5c4de5-67fe-4e7a-a281-29ff9ea1ec1c,sextet.foo,available,12.98,17.98,high,low,6,namecheap,,,
87ead75a-b377-4b91-99a0-78d378a36854,fatah.foo,available,12.98,17.98,medium,low,5,namecheap,,,18/09/2026 00:27
ad85a1f8-ecf6-430b-b560-fa15140f26c0,applied.foo,premium,161.25,161.25,high,low,7,name.com,,,06/08/2026 07:11
8145f468-0da9-4974-b7d3-67f727d9861d,unbending.foo,available,12.98,17.98,medium,low,9,namecheap,,,12/09/2026 01:48
456d2483-9e82-4905-adc2-a73d6c7e2dc2,cindy.foo,premium,73.75,,high,low,5,name.com,,,
a247d87a-dbc7-4196-9c4b-fc95abe8f5e7,occupied.foo,available,12.98,17.98,high,low,8,namecheap,,,17/08/2026 07:34
3647a5ba-d957-4b78-8b99-5a046a4217d5,menial.foo,available,12.98,17.98,medium,low,6,namecheap,,,24/08/2026 20:12
d2d2adb2-cd54-4594-b819-e68e119508e9,infallible.foo,available,12.98,17.98,high,low,10,namecheap,,,22/08/2026 04:05
133ab782-ca97-41d2-a7e0-614ef2ba4479,relieved.foo,available,12.98,17.98,high,low,8,namecheap,,,
c36af5b6-93da-407d-8091-2292229cd86b,packable.foo,available,12.98,17.98,medium,low,8,namecheap,,,04/09/2026 22:41
74bca335-f006-44fc-aae6-206423fcd741,tubed.foo,available,12.98,17.98,medium,low,5,namecheap,,,11/09/2026 20:56
0e16ea68-fd14-4701-bbf0-0bf2a7d54eb7,restrain.foo,available,16.99,,high,low,8,name.com,,,
a25e25fd-7f76-4acb-95ad-a521cf281a2b,toddler.foo,premium,161.25,,high,low,7,name.com,,,
3d296326-9662-41e0-a074-0219290e3ada,babylonian.foo,available,12.98,17.98,medium,low,10,namecheap,,,08/08/2026 03:58
c47ea53d-e23f-436b-ba7d-9b0a95a459ff,self.foo,premium,648.7,648.7,high,medium,4,namecheap,,,19/09/2026 02:59
80261f5a-7d89-40e3-a6fd-f5bfe51c7ccc,sublunary.foo,available,12.98,17.98,medium,low,9,namecheap,,,12/08/2026 08:28
92e61bce-bb0f-4535-bf14-00b3f30c1a3c,terminated.foo,available,12.98,17.98,high,low,10,namecheap,,,19/09/2026 16:25
4d9acc06-e8f4-49ca-aaaa-8d1b16889988,reaching.foo,premium,37.7,37.7,high,low,8,namecheap,,,20/09/2026 09:16
ae88e98e-6ce6-46c7-929d-ae5ddc397c93,her.foo,premium,1248.75,,high,low,3,name.com,,,
ff5ad3a6-7354-4f46-bcc5-8d2a3ccb4727,pediatrist.foo,available,12.98,17.98,high,low,10,namecheap,,,21/09/2026 13:27
2320ff71-5060-4ff6-ad7c-5774ffe4987f,blaeberry.foo,available,12.98,17.98,medium,low,9,namecheap,,,23/09/2026 15:39
c0061879-e2b6-4c84-ad19-11837861d39e,accolade.foo,available,12.98,17.98,high,low,8,namecheap,,,16/09/2026 22:45
c3e1b798-9714-4724-8706-cd1b14efd5e3,hobbies.foo,premium,76.7,76.7,medium,low,7,namecheap,,,20/09/2026 22:38
0cb4413c-b41e-4661-8a99-d0271ee84831,suv.foo,premium,73.75,,high,low,3,name.com,,,
9acfc9e7-9392-4f15-80a4-4bf51e834110,kempt.foo,available,12.98,17.98,medium,low,5,namecheap,,,22/08/2026 15:32
92c95e3d-ef16-4f63-97ea-42f1bd790ada,instal.foo,available,16.99,,high,low,6,name.com,,,
7ac70232-f7b4-447d-a533-1ecd262f3823,usda.foo,available,12.98,17.98,high,low,4,namecheap,,,17/09/2026 19:25
16bc6818-26c4-4cde-ad4b-a75b3169dfc4,murderous.foo,available,12.98,17.98,medium,low,9,namecheap,,,21/08/2026 11:28
3fc5b506-9652-47a5-9df5-2eb3f4bb1ef3,albinism.foo,available,12.98,17.98,medium,low,8,namecheap,,,18/09/2026 02:54
5a33f7a3-56d4-444e-9162-eec0255f3f75,viscid.foo,available,12.98,17.98,medium,low,6,namecheap,,,20/08/2026 15:23
dd14b926-cbbf-4240-bf74-66ca6f75cf47,unclothed.foo,available,12.98,17.98,medium,low,9,namecheap,,,12/09/2026 05:30
430274cc-8f95-4771-87f5-dadddc6f33f9,persisted.foo,available,12.98,17.98,medium,low,9,namecheap,,,18/09/2026 08:42
ff5a2ac6-2bfb-48f8-b3f3-22e8cc88f13c,chihuahua.foo,premium,37.7,37.7,high,low,9,namecheap,,,24/09/2026 14:33
11aef00b-795d-48c0-b1f9-b1d8cecb4907,basilicata.foo,available,16.99,18.99,medium,low,10,name.com,,,22/09/2026 10:50
1bdbf864-a8ad-42e3-a644-6af25b821f5a,birdie.foo,premium,36.25,36.25,high,low,6,name.com,,,23/09/2026 20:41
67aa595a-2201-456e-89ec-38fc0edcba3d,genesis.foo,premium,311.25,,high,low,7,name.com,,,
41d36466-0424-4ef6-8261-88ecb27a328a,colon.foo,premium,37.7,37.7,high,low,5,namecheap,,,20/09/2026 15:16
574726d4-1a3b-4e3a-ab5c-4b5304751d7c,celebrity.foo,premium,76.7,76.7,high,low,9,namecheap,,,24/09/2026 13:24
8d3c2a53-91bb-427e-9f34-98fb300e4e32,overflow.foo,premium,73.75,,high,low,8,name.com,,,
73061758-ae54-4a8f-9348-80cb7c1f919f,unworthy.foo,available,12.98,17.98,medium,low,8,namecheap,,,14/08/2026 04:05
e9d56edf-93a9-4bdd-8f27-e3428aabc81e,suspend.foo,available,16.99,,high,low,7,name.com,,,
723bd6b6-d9b2-4583-a417-5633493ec776,folly.foo,available,12.98,17.98,high,low,5,namecheap,,,23/09/2026 11:19
86674da5-6000-4f85-afe8-55d593ab2942,isaiah.foo,premium,37.7,37.7,high,low,6,namecheap,,,24/09/2026 06:53
78a25cc7-807e-4eaa-8802-01cd88faef38,promo.foo,premium,623.75,,high,low,5,name.com,,,
9ce57ec8-311d-4a94-bbd8-445cef1d2439,fraudulent.foo,available,12.98,17.98,medium,low,10,namecheap,,,13/08/2026 21:10
806c821f-581d-4da0-b8de-266d84eccfb0,behavioral.foo,available,12.98,17.98,medium,low,10,namecheap,,,09/08/2026 10:16
42562a78-730a-496d-9f43-8225f573c271,quenched.foo,available,12.98,17.98,high,low,8,namecheap,,,09/09/2026 08:25
170bb1a6-65a4-4e9b-b459-16727b81dd31,mockery.foo,available,12.98,17.98,high,low,7,namecheap,,,22/08/2026 12:39
4b8d976f-ccb6-4a6c-b48d-42208605abdb,inhabited.foo,available,12.98,17.98,high,low,9,namecheap,,,22/08/2026 04:59
4cf26c04-a12e-405e-860e-a31cad511546,trepid.foo,available,12.98,17.98,medium,low,6,namecheap,,,11/09/2026 16:07
b28199ad-eeeb-4cb1-8e12-9c8974d3d0a5,auricula.foo,available,12.98,17.98,medium,low,8,namecheap,,,21/09/2026 04:20
16e899bc-4236-473f-9bde-e7d6eede8a2a,beater.foo,available,12.98,17.98,high,low,6,namecheap,,,22/09/2026 21:38
a0fb26fd-0cf6-4aa4-a986-5ee1c4e2cf26,lashing.foo,available,12.98,17.98,medium,low,7,namecheap,,,22/08/2026 20:10
85725cb6-f0a3-4280-9ad1-be4f1f58893a,screwdrivers.foo,available,12.98,17.98,medium,low,12,namecheap,,,20/09/2026 04:52
46b95fc8-955e-481b-8774-66cebe94cbba,unwelcome.foo,available,12.98,17.98,medium,low,9,namecheap,,,12/09/2026 22:38
b52a41a1-66dc-489b-a9fd-6a732331e510,intensive.foo,premium,76.7,76.7,high,low,9,namecheap,,,25/09/2026 09:57
238ddb35-55c2-457c-acf4-d6dc4c8e28d2,reluctant.foo,available,12.98,17.98,medium,low,9,namecheap,,,24/08/2026 08:21
2473f1f9-b768-4f22-a325-aa74ab9a9076,opalescent.foo,available,12.98,17.98,medium,low,10,namecheap,,,04/09/2026 15:43
74e32a6f-8c7d-4583-b0b0-15d2591d6ac7,everyday.foo,premium,167.7,167.7,high,low,8,namecheap,,,24/09/2026 15:36
fae69b26-5f8d-4419-b759-b9fe510c7541,backslider.foo,available,12.98,17.98,medium,low,10,namecheap,,,21/09/2026 15:58
f4926ec6-e144-4435-97fd-c8261a586e49,nitrogen.foo,premium,76.7,76.7,high,low,8,namecheap,,,20/09/2026 23:37
63c09049-97ca-4847-8189-11bdb0e90f3b,shake.foo,premium,648.7,648.7,high,low,5,namecheap,,,25/09/2026 06:52
fcb1445d-3b1f-425d-bafe-9a1ce2066021,agee.foo,available,12.98,17.98,medium,low,4,namecheap,,,17/09/2026 16:52
a471bde9-947c-4480-8bec-086d7a8b1d4d,uncapped.foo,available,12.98,17.98,medium,low,8,namecheap,,,12/09/2026 04:44
74fae041-7c4e-450c-8aab-16023ac209a9,astatic.foo,available,12.98,17.98,medium,low,7,namecheap,,,07/08/2026 08:36
f2e2984e-1ec0-4df3-97b3-1225c37b73b5,lunt.foo,available,12.98,17.98,medium,low,4,namecheap,,,18/09/2026 06:40
66361e69-66b9-4251-907f-3973210b932b,extremely.foo,premium,36.25,,medium,low,9,name.com,,,
2b5e1703-aa9b-4a83-81db-3aded050354e,rotten.foo,premium,36.25,36.25,high,low,6,name.com,,,24/09/2026 01:35
00a7760b-9f4b-4dc7-9399-759fe139ea51,tritely.foo,available,12.98,17.98,low,low,7,namecheap,,,16/09/2026 09:30
51ae036a-5feb-4eb7-9c04-39cdf87a6d93,quarterly.foo,premium,37.7,37.7,high,low,9,namecheap,,,09/09/2026 07:37
d147b5e1-f5b1-47ba-91ba-9244056a4409,abbey.foo,premium,76.7,76.7,high,low,5,namecheap,,,16/09/2026 14:25
0b3dc5e3-880b-422d-98ef-cc03aa113c2c,baptized.foo,available,12.98,17.98,high,low,8,namecheap,,,08/08/2026 14:55
b6a55b4c-dbcd-47ab-9b09-5a7b4035043c,whom.foo,premium,36.25,,medium,low,4,name.com,,,
cb4a3ac3-b32b-41b9-aed8-a5cd21e21a42,musky.foo,available,12.98,17.98,high,low,5,namecheap,,,03/09/2026 11:33
6ca83007-fddf-437c-893f-4de269010af2,weeklong.foo,available,12.98,17.98,medium,low,8,namecheap,,,10/09/2026 05:01
c1478d0a-0ff3-4a76-9f23-e8f60d46d588,license.foo,premium,323.7,323.7,high,low,7,namecheap,,,25/09/2026 08:58
689e58b0-8685-48a3-a82f-aee16c112c28,iconic.foo,premium,323.7,323.7,high,medium,6,namecheap,,,25/09/2026 07:12
2aa9d6ee-4ec2-4d22-8bf7-2302eddd8f92,prepaid.foo,premium,76.7,76.7,high,low,7,namecheap,,,09/09/2026 00:39
a1412ac6-500c-4edc-95f8-45b535acb0fe,aesthesis.foo,available,12.98,17.98,medium,low,9,namecheap,,,17/09/2026 13:32
76353097-5c02-486d-b814-df94c898a555,england.foo,premium,311.25,,high,low,7,name.com,,,
76085f82-f1b6-48e9-970d-5f27867caad9,barefaced.foo,available,12.98,17.98,medium,low,9,namecheap,,,08/08/2026 09:20
326f410d-da75-46cd-8f06-5b1c5fef82d9,concern.foo,premium,73.75,,high,low,7,name.com,,,
ad51f931-b9b5-40a6-ac9b-cb7644cd5f5c,tasselled.foo,available,12.98,17.98,medium,low,9,namecheap,,,11/09/2026 08:58
7bef59b9-265c-4ce4-a85c-194319874fff,spiffing.foo,available,12.98,17.98,high,medium,8,namecheap,,,10/09/2026 15:35
bdbf839c-d155-4586-b435-3b6dc5928a23,shrubby.foo,available,12.98,17.98,medium,low,7,namecheap,,,18/08/2026 17:15
bd678783-01d2-4eeb-8d41-dad87f430494,tawdry.foo,available,12.98,17.98,medium,low,6,namecheap,,,12/08/2026 03:29
89b7b607-60fb-4347-8605-ab983b997796,gradable.foo,available,12.98,17.98,high,low,8,namecheap,,,08/09/2026 03:31
30278aa0-57f8-4f99-97a3-918baa41ba48,shouldered.foo,available,12.98,17.98,high,medium,10,namecheap,,,10/09/2026 06:51
bb05ade5-da3f-4bd6-9c34-228d6f662ce7,chthonic.foo,available,12.98,17.98,medium,low,8,namecheap,,,12/08/2026 07:28
43040877-b70d-4b4f-ab5b-2028fddcaadd,majestic.foo,premium,37.7,37.7,high,low,8,namecheap,,,25/09/2026 16:12
c5befc3a-db07-4106-a26a-ba011da6b191,weil.foo,available,12.98,17.98,medium,low,4,namecheap,,,19/09/2026 04:20